-- phpMyAdmin SQL Dump
-- version 5.2.0
-- https://www.phpmyadmin.net/
--
-- Host: 127.0.0.1:3306
-- Generation Time: Jan 15, 2024 at 01:09 PM
-- Server version: 8.0.31
-- PHP Version: 8.0.26

SET SQL_MODE = "NO_AUTO_VALUE_ON_ZERO";
START TRANSACTION;
SET time_zone = "+00:00";


/*!40101 SET @OLD_CHARACTER_SET_CLIENT=@@CHARACTER_SET_CLIENT */;
/*!40101 SET @OLD_CHARACTER_SET_RESULTS=@@CHARACTER_SET_RESULTS */;
/*!40101 SET @OLD_COLLATION_CONNECTION=@@COLLATION_CONNECTION */;
/*!40101 SET NAMES utf8mb4 */;

--
-- Database: `networkingquiz`
--

-- --------------------------------------------------------

--
-- Table structure for table `lecturer`
--

DROP TABLE IF EXISTS `lecturer`;
CREATE TABLE IF NOT EXISTS `lecturer` (
  `LecID` varchar(8) NOT NULL,
  `LecName` varchar(30) NOT NULL,
  `LecPw` varchar(8) NOT NULL,
  `LecEmail` varchar(30) NOT NULL,
  `LecDob` date NOT NULL,
  `LecGender` char(1) NOT NULL,
  `LecEduQua` varchar(255) DEFAULT NULL,
  `LecType` int NOT NULL,
  PRIMARY KEY (`LecID`)
) ENGINE=MyISAM DEFAULT CHARSET=utf8mb4 COLLATE=utf8mb4_0900_ai_ci;

--
-- Dumping data for table `lecturer`
--

INSERT INTO `lecturer` (`LecID`, `LecName`, `LecPw`, `LecEmail`, `LecDob`, `LecGender`, `LecEduQua`, `LecType`) VALUES
('L0000001', 'wan', '12345678', 'wan@gmail.com', '2011-10-19', 'F', 'Phd', 1),
('L0153313', 'Pei Syuen', '12345678', 'ps@mail', '1987-11-19', 'F', 'Phd', 2),
('L0040036', 'Wendy', '12345678', 'wendy@mail.com', '2009-07-22', 'F', 'Phd', 2);

-- --------------------------------------------------------

--
-- Table structure for table `overall_result`
--

DROP TABLE IF EXISTS `overall_result`;
CREATE TABLE IF NOT EXISTS `overall_result` (
  `OvResultID` int NOT NULL AUTO_INCREMENT,
  `StuID` varchar(8) NOT NULL,
  `TopicID` int NOT NULL,
  `AnsDateTime` datetime NOT NULL,
  `Marks` int NOT NULL,
  `Grade` char(1) NOT NULL,
  `Comment` varchar(255) DEFAULT NULL,
  `LecID` varchar(8) DEFAULT NULL,
  PRIMARY KEY (`OvResultID`),
  KEY `LecID` (`LecID`),
  KEY `StuID` (`StuID`),
  KEY `TopicID` (`TopicID`)
) ENGINE=MyISAM AUTO_INCREMENT=14 DEFAULT CHARSET=utf8mb4 COLLATE=utf8mb4_0900_ai_ci;

--
-- Dumping data for table `overall_result`
--

INSERT INTO `overall_result` (`OvResultID`, `StuID`, `TopicID`, `AnsDateTime`, `Marks`, `Grade`, `Comment`, `LecID`) VALUES
(13, 'TP310943', 28, '2024-01-15 21:02:21', 100, 'A', NULL, NULL),
(12, 'TP310943', 28, '2024-01-15 21:01:56', 25, 'F', 'Keep It Up!', 'L0000001');

-- --------------------------------------------------------

--
-- Table structure for table `question`
--

DROP TABLE IF EXISTS `question`;
CREATE TABLE IF NOT EXISTS `question` (
  `QuestID` int NOT NULL AUTO_INCREMENT,
  `QuestTitle` varchar(255) NOT NULL,
  `Option1` varchar(255) DEFAULT NULL,
  `Option2` varchar(255) DEFAULT NULL,
  `Option3` varchar(255) DEFAULT NULL,
  `Option4` varchar(255) DEFAULT NULL,
  `QuestAnswer` varchar(255) NOT NULL,
  `LecID` varchar(8) NOT NULL,
  `TopicID` int NOT NULL,
  `QuestType` int NOT NULL,
  `QuestDeleteStatus` char(1) CHARACTER SET utf8mb4 COLLATE utf8mb4_0900_ai_ci NOT NULL DEFAULT 'N',
  `QuestApprovalStatus` varchar(1) CHARACTER SET utf8mb4 COLLATE utf8mb4_0900_ai_ci NOT NULL DEFAULT 'N',
  PRIMARY KEY (`QuestID`),
  KEY `LecID` (`LecID`),
  KEY `TopicID` (`TopicID`)
) ENGINE=MyISAM AUTO_INCREMENT=299 DEFAULT CHARSET=utf8mb4 COLLATE=utf8mb4_0900_ai_ci;

--
-- Dumping data for table `question`
--

INSERT INTO `question` (`QuestID`, `QuestTitle`, `Option1`, `Option2`, `Option3`, `Option4`, `QuestAnswer`, `LecID`, `TopicID`, `QuestType`, `QuestDeleteStatus`, `QuestApprovalStatus`) VALUES
(298, 'What is the fundamental purpose of computer networking?', '', '', '', '', 'Communication', 'L0000001', 28, 3, 'N', 'Y'),
(297, 'In networking, a MAC address uniquely identifies a device on a local network.', 'True', 'False', '', '', 'True', 'L0000001', 28, 2, 'N', 'Y'),
(296, 'Define the term \"IP address\" in the context of networking.', 'Internet Protocol', 'Intranet Provider', 'Internal Port', 'Internet Proxy', 'A', 'L0000001', 28, 1, 'N', 'Y'),
(295, 'Explain the concept of bandwidth in networking.', 'The width of a network cable', 'Data transfer rate', 'Network security level', 'Router configuration', 'B', 'L0000001', 28, 1, 'N', 'Y'),
(294, '﻿What is the fundamental purpose of computer networking?', 'Data Storage', 'Communication', 'Gaming', 'Encryption', 'B', 'L0000001', 28, 1, 'N', 'N');

-- --------------------------------------------------------

--
-- Table structure for table `record`
--

DROP TABLE IF EXISTS `record`;
CREATE TABLE IF NOT EXISTS `record` (
  `RecID` int NOT NULL AUTO_INCREMENT,
  `OvResultID` int NOT NULL,
  `QuestID` int NOT NULL,
  `StuAnswer` varchar(255) DEFAULT NULL,
  PRIMARY KEY (`RecID`),
  KEY `OvResultID` (`OvResultID`),
  KEY `QuestID` (`QuestID`)
) ENGINE=MyISAM AUTO_INCREMENT=38 DEFAULT CHARSET=utf8mb4 COLLATE=utf8mb4_0900_ai_ci;

--
-- Dumping data for table `record`
--

INSERT INTO `record` (`RecID`, `OvResultID`, `QuestID`, `StuAnswer`) VALUES
(37, 13, 295, 'B'),
(36, 13, 296, 'A'),
(35, 13, 297, 'True'),
(34, 13, 298, 'communication'),
(33, 12, 295, 'A'),
(32, 12, 296, NULL),
(31, 12, 297, 'True'),
(30, 12, 298, '');

-- --------------------------------------------------------

--
-- Table structure for table `resources`
--

DROP TABLE IF EXISTS `resources`;
CREATE TABLE IF NOT EXISTS `resources` (
  `ResID` int NOT NULL AUTO_INCREMENT,
  `ResName` varchar(150) NOT NULL,
  `ResFileName` longblob NOT NULL,
  `TopicID` int NOT NULL,
  PRIMARY KEY (`ResID`),
  KEY `TopicID` (`TopicID`)
) ENGINE=MyISAM AUTO_INCREMENT=97 DEFAULT CHARSET=utf8mb4 COLLATE=utf8mb4_0900_ai_ci;

--
-- Dumping data for table `resources`
--

INSERT INTO `resources` (`ResID`, `ResName`, `ResFileName`, `TopicID`) VALUES
(96, 'MAC Address', 0x255044462d312e370d0a25b5b5b5b50d0a312030206f626a0d0a3c3c2f547970652f436174616c6f672f50616765732032203020522f4c616e6728656e29202f53747275637454726565526f6f74203133203020522f4f75746c696e6573203130203020522f4d61726b496e666f3c3c2f4d61726b656420747275653e3e2f4d6574616461746120333430203020522f566965776572507265666572656e63657320333431203020523e3e0d0a656e646f626a0d0a322030206f626a0d0a3c3c2f547970652f50616765732f436f756e7420312f4b6964735b2033203020525d203e3e0d0a656e646f626a0d0a332030206f626a0d0a3c3c2f547970652f506167652f506172656e742032203020522f5265736f75726365733c3c2f4578744753746174653c3c2f4753352035203020522f4753362036203020523e3e2f466f6e743c3c2f46312037203020523e3e2f50726f635365745b2f5044462f546578742f496d616765422f496d616765432f496d616765495d203e3e2f4d65646961426f785b20302030203834312e38203539352e325d202f436f6e74656e74732034203020522f47726f75703c3c2f547970652f47726f75702f532f5472616e73706172656e63792f43532f4465766963655247423e3e2f546162732f532f537472756374506172656e747320303e3e0d0a656e646f626a0d0a342030206f626a0d0a3c3c2f46696c7465722f466c6174654465636f64652f4c656e67746820383238303e3e0d0a73747265616d0d0a789cdd5d5b8f1cb7b17e17a0ffd08fb301b6ddbcb381208025d98e722cc7d6ca3838088283f54a9195ec4a39b29420fffed45755eccbccf4f6ac305c60e765a56293d5d535c5ba90c562f3d58fcdef7fffd58ba7cf9f35dd1ffed03c79f6b4f9bfc78fbaa66bbbae33d676a9c9deb4b9097d686df3f1cde347fffdbbe63d756943f3efc78fbefaee22346f7f7bfcc834df3d7ed498e64f0dfdf97b4328ce09470a41c6f7822033868bc78f7ea2cedfbc78da3413028c12403823e3ec5a17129112bb4c7fb30bcdc7b7f4a68eda5d63fbbeedfa261bfa6b9be0db2e1ac6feb7df0dd46d13b536f462a0eae29f97ef07c2ec57df5fbe7fdb6cdebc3f7ff13f6713368149c4a5e07dd32df0e9c92b62d2b7a6e9db3e36affe069a88bb448e31b9a571ce3a7a7df3ea064fde2ac97fd9fcf8f3d979bf79f2fdf38b3f9e9ddbcd3767e761f3f2ecafcdab3f3d7ef4cdabfdfc734a5934a6f5b6719928710b0c7ab4d6698115be062ba24dadb58def7afcb3cd8a3fbf7c76766e3ae2412416e07fff7be637c499572bfc084a9e21bcd9373e66bc78811f6b9d16f811ab88860b6d4c8def2d3fd9e2c7d7cf5e30179effb0f2fd49c90929b736352eb621d9a5ef5febb4f0fdf938df4f9c9f0904cdd32ed03f6de8fc0e035e7c8329f1e2c9d97924a148abf3a257b23c61cd2b62b0d267810ba6ab21069ea685094b62309f16b773c014d5ea48e9444f024628c3120fd63a2d31e1186a32b7dd5c149c2589b48d09a9f5fdae9a3c230efcfc9258f0f4ecdc6dfe7866cce66b48c705c06fce585984cdb33300e77ef30a7af4eb336337cfbfbf58635ad1a7ded3ab4935b8362dcbcded7d965856479dbad6d826a636e63d0c23e6fccc82f3f2e91f3183be2656195898156e146d1ac862d0dcb4c6e27759d2262b9d96f851459d4643c34d6349b7f9b4c391975fbf8264903625d1f86e8d0b69984801bfb4ed53eb168562add312178ea454e75c70105132f8d6b46e57a73ef933cbc49fff6b8d0145995a887a2eae1461b3890ca8e5f94ad2774d0dd2c305072d86862eb5c9eff6501cd4f0ab32ae16f225ffae8afab6b68767b7e0e0fd1342f7197f7e211376fd0eeede6fa4aa7e5df9016c51e5f064e11c87e4e86fcab979f91dfc982c7e9df0e1660f632e0a21bd69836793406219db8e186c484606f9ddcbaa632879a263e6ee8010723dac6dbd30aa6b2d050e1df9c7ecfe9bc88eff6eeb4b66a559635951e40732e78bf8720c4d7edf7c292a9da65786c3e92cd115c017d55cda207cb1e487502006be906a279d6ae3017c398646dfe20b08318e35d997b0e5c51a5bd23db0e5182afe9ed9d28f8a674f546e736c732a9e33784562db93134bc4f7ac7fb547803e140d1d3a28f59d1e8a63b407ac32abbd61c128b83a462191a6f14b3e3d1b85ebcbab376b91fe9a11e8bbb677e5bb6ff630a218016b1287bd39b7a93f54d9b90a4680099198d7d550766e34028730e7cbf852c10854e7cb6004e6d3895ea4b1f0942d2ec436d9c29603959dab60039890fce56c59d3762ed5674b051b509d2db71b81e8fb36121f626cfb0c5e458a0363247a3c22b0eba147202345813e1a8c6b43deeda138b68d40ad372c2d77563102d15978981e8a68774de3eac37bc4e59f2e610cdebdc742c66f2b3f8b5fb1073ef3123cc92cb38c4453808921083ed04f4a224ceae6507de72bd801d0e1b1e845616aaea0effc60076e67ca17f1a382feafce8f41ffef4e2d6d707d6b8ba68bbcd0455f4adacf1faae97c050300420208e9db5041d1f9740f6ca960006ab3e576fd0ff3431148f6ad38e8304324bb862212074ec973ef32543660cb9cdaee2008b6557f05e40b5a3f54d1fa8ebac33677b9ddf5fca1e7c3e65ff873fd012aff5f6771b3160684a2f623453c2492865c15935846430f2e1812030e844a078a3e2cf322905e23a3b8d341304c96e2eaa05e627c959dd66828424f4410855e662fe76161cfc16fbff9f8698de9ee765bab1bab103bb12c8e5437e20d6998985cdf4776033adfa683570e42051b0342688a40329da9a035c268630e61ce97f1a5828da9ce9731c810d514983b373baa8a430c073eb848dad61cea90842a2186430e858bbe75a9824312faca4c89c7d0eef7cc94686eb5bb888130555cc08c8182a3e8870252132d4ccef5d823f7e0d43526198976d8d343706c1bdf5a6f584aaba862085287157d43066c771b50ccc0d5f5e7d767e769d5f2c662041c21337d634dc44a312b344ea8e1dd27713aa403bd3b89176279cb6aa783609858de3aa897185e65271a7b8e9d25823a78006b81ee0acbc3ed76b77cac6cb6deec614fb1bbd0236013792c391cac358e635f881d7e67c5c69ac666faacbe86e698d8980318f465bc398e99b97fdef4dbbc19e79a3418f26565d1887983adfbc6f49ed3630ef34b52156be3b15d69fa0c8ffaf87e4932f7c0970a6b47d5f932ac1d9514a9c8ab32d06ba6c784d186b28720e480aa7c305faaec21784c6ae450c52f59435ae54bb807bed4d848aecd977111892c330dee6934b989378f4b0382625bf8122dbdc2353dc5cde4e31da87b5325dd0b629077d791f756c3a34d7d7ddee4e3e8de7be74d3653de90e7a47974377b565bc01b64928b4e3e7c3ee5e3e8df5dde400334d863ada181b3bb07ce1c4703df3767c2ad1162c476d8d4f98ba4f4385bc4c3b7ba1e7a68b8cdeb789cc3b9d34371ececcc557ac352e2799d54d12eb6de2c2549de2d46cce9f68045c361fad64c4eeecd9ef8b8042cd9926af47c8e211c9c8c902bacfd809040326c1c7ea60a8a6f300a0731e78bf8d25770c86bf3a51f1df29e03339d32377be610165049dff524c526c1573f942f151c722684663cd9cbe46bf0c5dd035f6a2cb8d7e6cbb8e0bea395b521466cd2143319a0086df2f0670e34937d8d4d5d8a333b10925b57c146f6e91ed8526353b7325bc64d5d4b7a1408d8502541f028d164f1892456f6ff1269db30dffe4e64d2494d8f9d4a43e67030b988bc284fdca6218c4efe7b453d3be9290d314b4f195720417b85641f6988824887067909d0ca7f81565fa9cf941c1d37a3f66a5c717df89fb1783ead4e1e1372e03251e091f5c0820977a5d3036a1f5f633b9b3755cfce8dd97cff0e071c3e3dc711a4676be74cba71c723064faef4bf1531bdf94f0dfdf97b639b178f404206098e5c5dfec93c67416bc3f5942553ec76c0ce0785779de697f393c364e10369ece03b60875f28e7450305a9837d31b2fa31e9a40d4136a0295e0c4d88061e4c41281084827c08e2a23678d243a4887464810431752e0d36b325d3a1f4b66006cc025d81547eafc085241939a77832154ee35316a783ab311d024d03d2dcc1252c6f6d4f87af5f2378b841e4407144de7ccb07ae7ec0dec7e5592f0fd6420ad3f9db55359160ed3459b51c6b9e66ab92f6f1d3fc678103853e3136c962613790e973fc4540a710f11447e89c2d0d167d4d19a990e2a5cea52173671dea13772e840a044dc7ef555829948133722722faf03f63513c4395a307644a5c9c1e3db84d3cbf27f174249e697379c392ba2e9b71c8acf41c3e87103467a8340c0733e08c27032b36e9a40d911ac8e225e8750a99f9b8848e17084a83dcfa6c86c7c82a2903e5ff82153d05f67c62a70ca3198a5f4db10a84befa527dacf4e8d019b913313c81ef5894c354e5583b79b359ec41d9a5b9cd6bb8c0feb0db7cfa4cbec35a1eb4e9f210102698f6d17e49d63eb2c287935b68f27eab0f1a02571f70d8e30244e6a55174fcff2b493ca1cfd267842084619842831d2a0daec3af5146221b2e16b402a0afbe531a0a3d32724eee54021ffe772c4a605f252d8144af3fd8503f5ff5554d299df32865deba40b2b095bd0cd2b601a51c723b985fd34d3a309402f462c2be254e9158ec4a155402c1b4c48c495f1e87c889733a5421418bceda80b209ae2943e997254b54300b84cefa6269608a64dc84d4a9e17dc01fb02468c6544938a2c8887d5ed7eecad9f38b27ace0d6cab8185382954726f289114c57cfaba2d843edf3dcb0eaf9b649276d201e3ad7188a170341e4a2b8dc148c02c1c346267b181e3b3e4553862a2498d1591bbc6cb3e850cff3bb6016089df5c5fa5889d2a1339aa771c8897ccca2dc5589448c77f86018796ff62ab8bc11af8e345c3c44c3f983a2717e2fcc89c7ce2d7e2d9ca036a561291a37613b1adf17dc4ca2f1d065e41406547f108b470e94dd72308313e77fe8541a282c85f6c72e3304a987b52b1805820fd5739282364067595f86164830a3b33690cc38d794a1e27e15cc8377565eac8f9528193aa779320f4ee56316e74195ed3cc43a911d1ae3d63dcd03a6413a681ae0b541d48184a6c192911b1a16a741bee33448e4c76081c5926b1ba7de06ca149469508ce5d0a93488ba4b2413c994e5dc8251205e800c7c68451f231676c35085043307bfd2603ae4d394a19d650bae9805626f405eac8f95281d3aa379ba427b221fb3380daaf8bb58458e100beca61e631ed8d1e14d5c25c5911767c25404e1e49bc1e3f52069ec541a1025f4ec36a2b84f1fb1cf52300ac49e600fa55e1e7b8be8b10c5548305fc9f22f1ae071d187eb50d240341f0b6681d46dcc4343214a86ce699e79bfa7f1314b2268eb78c2bec7693d97c8f75f97c09f10ec5fbe4708f6e9dd278463ff5915c9c149b6990b8d42022533c8b9adbc13e4ac1ac301c5d8a934109d96ab46f1b1a408f7ae6014084b828913dacb6372f4921f86168831a3b334e0a453728d0e95532c8a58007495d70aac14e9b839c113793c892f5914c62aeeb18d09cb1dfd5052702a8c4f2f3fbd4131aeb71f3eae0b9d1f963c9dc3c2af233ba0a753251f812cfeb04bea63407dd3a14f8173c7bf09aa901090f9e7527402f1f29ff695c79df4ed8aa067c57a5516ba5c908e3a2c484fc52a102f144a5f79aae4e8c829b1d3c5a607fe118b925665cddd1bd792e6415641d891b4271ff8a4ef3f5e41dcde7dba5e5d61b7c30abba57887becfca46f2cd5899aae3edd05299aa876733762a0d44bdc1b10a9436709d815ba20815c204a68817d5ebf4b1e7f597325221418cceda4036c95367196a139f102ba40a84cefcdef25449d291338a2752771a9fb2287b55d6d96df44c08b99f6937fae1d5a77e7df1c9e683421e7e19f18033e1f807ca1c186ac352c833292a7658c8038ea38237dc89548cbb0f93945136eea4d9f3b493369007e520080e8b66b002cc1fc128503189e3e3c0c9623ab44082994da2345048e17253863ade63299805c2aab8be581a0a5132744ef3ccbe9fc6c72c09ffb1eaac6d95908640627ac7e1e8f644f82fde70a1b5eb33b779f7feed8f1fdf5dc9f1ffb582c0431a26f27ce099070e7626f6de59f851ba00653d27130f9d4a030ec334c1f022818b59f68505a140bc0ae3c474c9e3c45b7c32b20082f74a761cd180739f58d0919128e5dd0f8805c28a8dbe571a0a4932744ef174f9e9243e655104ab9c36f6a4fa1174d124f0bbfbed179fd8f85ffd6355e8c6824524cc16f3d262156f2274ec2c955df5088e8d7d4a4336c812f3d18af1eb104a168402f176740f07bf3ca6a000535e872a2498d99b93862809573a146701f380592074d617eb63254a87ce689e6dad9fc6c72cca5d9543d71e8be06411632ed5c5a672c705c03f23b2fe057faedffd769637bf4af211f9031fd7177fdc24b998334a5c4aba1aa7f76bf0fe6a5289ec911c38ed541a280a08bec9880203076392fec5180502abd139950687cec3d00209663649d210b973191ab873c12c10752e2f968642940c9dd33c91c853f9984589acb20c4f4e810fa080b3567624f233167f7e618b5ca4d1431ad341d278d8923c9380f5277686255bac33b9342cf9a7eeae4bf221b41d9648e8d79bcd089bb1a7a233c250e411c63e05f65c1510c9b4a9e739447aa4e013086241614b1c1e1b0a32805e8616881163935261c325b1cac82ef396b1221688171be5bdd2506892a1338aa7d3e114be64712e54598bb79e0f063a9bf62d09dc3617ee982aeac7357a0a7c59dff8d60d07f3c2fcac437214ae8d5d14c4b2716a122aa1272e641f5d53b00974856c76ee2b708ccc741d5920468bae02db5efaf2409be525825621fc8af2d6f29809d2815362a79b430ffb1b96e4d05759908f4413b2bc3a4e88db96c39797bcea2e071edfae6b616f0fd2c2e056efd961955c4930c8bbd2b0a485bdbbf3c6a8d49d21931745e42397ddb6c14c443e3b39de533a9506d4af8b4d4a9cee86752202142103bc932801ae3cb49ce553c62924687923511ac81a27ecc50dd17b4c035e81d059dfaa8f95221d3a23786b57f4c17fc9a2f857719213756737dde34b6f17ff55e11f1ce2e032e40bae779a1c42b49201a1ab02f430b8491f85912963252fd7f2b221d2cb155f2ee9e548a8d455453ceef8c84319aa1023465f85b169939a323270b19f82582074d6f7ea63a549874e299e2e0a9cc2972c8a5d154f381859798b0182bf2d76dfbe2955285fcbc53030f8eb2b0463ad5a4bbe3e2e1c423545d916b081be745eadc7ca7adea48f34e0302aec5c8f75136bf9a86c412810af7877edf894f8884924230b248879dd5d1a3a275611234d1f5985085e8538dae1d76a43214946ce299e2e8d9ec4a72c4a60956ba078a316f42021f98b5352873ac0c41927d55e2db8c0cbd3520288dcfa38ee44392e9832741a1a7af6a5c04fe218cddc8cd9291805e22d194e262f8f1dfb4f65688118333a6b03c508b03e3a14eb390362068a0098f25029d2713382671b5127f0254b1257a7ee31aaff255c27d80f559676229e8f57bfc2d45efec60bf3ebfe661857e27de6e263d8b6131dd0f3da1d67468f678df2a407434112ca2397cb36e41ee6d8145c0261c1c619669e3e26c9e61f57862a24687909511a1cfbfc65a8e39a9305b340bc84282fd6c7a048c78da4ce56421fee072c4a5b9d5577220835413c4db11d61fbe9330cac2616e172c8779c04fd6935d123b869a247a6d94a863ceace0f2fb7ce6c2c12fe31c1874ea5812668709c2581cd52c785b20b4681f87748f884f2b8e398a90c554830a3b33690d1897d5386525417fd8059a02b4995c08bf5b112a54367344f65ef443e66510eebacc21bcbd499882fdd16c417bca47373a64e9e2e763e5d15c321d248c241f0c48752961da9f7a4e6bb309465e0ba1163276df0a89b83ec432ec047e627c5d028468578f1c2cbcd43f2b8b37059ca508114333a4b03f29c4969e850fafd7aeb0b668578814e2affe96321aa0c9dd13c0d724fe46316c5f0180147dc2d79dcf38a0bee40d84dfd7dc1f1868a61debc41f6a5df5ce016dd4fd80d9293976707ac368ea5cc833362453ae4107210ecb07da6f5fd4a10ecf074d2491bbc9eb381770ac70827fa15a140bcedab7db9c1f7d297072a2068a12304368248c7197987a2150868e5a5fa54e9d19133726721f083ff8e45793c46f8b1739d73e87809c9d8bda9e82fcea00b0329c6bcf98583e18f6751ee6b7efd9ada3fb294e220f0ea49e0b18c7cca1e8b8b148eb9ce4e5465a23961c714753e223676d206d3f1b52f998c4c8f025f1cb72b4685a003a274d6c7413acb508514f3951495c1e5e2d417a7106468a2be480817cc0af1c61e77d606254a87ce699e48e5a97ccc92681ea582ff8e68266c9e929cb836f5878ae6cfefdf9df5ac217fa0e71fd684328e853d7b4edf974b526ee402219ac53325996c66c353fa14182598619602f24a0c36795353f009c43b1a568e44ca63d9b4d0a10562c4e39606223452d4652412bbdc805820b6a4f25e692834c9d019c553db7d0a5fb2288d55eebd8f5899964b6bd2ee9ef97e69fc1121cdaf1f481adff332ceaad58e93cbd0f87c13b6abe596ab90726b13efe18e77a2a1209a9976d206d89a44ba9d5d5ed81af8658a51208e187becc194c72120315487164830b373cf0d7c431eb2ba7928fd9c3d9f5f64cc0af1fa30bf581b94281d3aa7796aba4fe46316c5f21861cd8e58fa88cdb786a6924f872ac96fcf78491191f6e59989d8bf3e20d932862d038e33c4b2ccab061c1984db067ceca40d115bafaed8bc841ac161b04c028d36af3c16a3a6431552cca3cdf3e81c8bcd73e8ec0b6685469ba70d4a940e9dd3bc6bc01ffcc72ccae631629dbd06bc43b5b03b18f0efb4f53ddccb37ec62aec9e518e9585ee51a2352d599386e9c8724609cc19f06eadaa0b16720eea19aa2c4a58a710c5b03c59ed60f8f3bbed6b50c15680c2eb541634f1daa71a9621ec3567d71792c4495a1339aa73af3443e66512e2bc53c192bdf0eeaea40b17c0a95f90ed10e7ccbd5e5c9f1229310628beb167a1c6d83aaecacda8f49f0dd4b8ed5d0a93464c367f9c93f470696e173ff824f00705a72adcb5354e58fc34085042feff14a4348523848867abed05a110b80bef2567da804e9c019bd53713c810f5912c5a3dc1bb32b8a483b93fd803db9c1b778951fb8fad6392f0ca5cd15416879bd6ac5c7ab6438d50715bada38b1e148c71ecaf5279f714878e85360947ba430c171995163231c634527c0951460cdb134c4cc87b0746481182f47140c93131393646dd1489d22825701e095b796a742511939a5771aee3cfcef5814cb3ac18eeea17471cfe9f0fd52f9fd0ff4e7f286a2ef751974d3cd422e00d1a66e1ae560432c0cc774257169eca40da163eb020f18b555da84b3d15e2bad30c41b6e119521ca63f10678984d0525ba11844a92d83a93114848852515840a71a0c1a75bf5a9505246ce089ded163ee02f5894bc3af10c56c6713a845db6c3446f7d9f264d0a1a591796cac4608715e7eb5b2fcb74a85486eaa1d2b0940d99e288fca06c4863711f20965cbd1465eae4c21db95b418b8605892cc74edae0322af8196290cfbc1a91d18b110a700584d2571a7a748d65648104f115e788738311543ab493d708620180585fab4f95241d39a37822fda7f1298bd3a0ca5961ea8771466e4b382447e3195224fd01ca77a8c86948c9a33a9a0be5b41079e824b97c107bc814b25c1865ec541af08348e2142f1c72024dc138e4d7981426e93728da86930532b44082199db501b554115ac850acb00c8819b8c28d65f25a860b45326e4ef0440c4fe24b16a5b0cad90813b94c9c71e3bd5a13297cc60af8faddbf20855c2be63f90c0b13e2c3d5ddd16cac3a908645da16cb8455d5d4e11e75dcaa9524c3d71c28f5d0a2c911c0df041168cb9acb2a013e80a07d35b87b92d0da6e725131d5a20467cc5c75b18468ddfd494919d93e3b48258205ee396f74a43a14986ce289e7aa4a7f0254bc298ab1c90b0c8b7cbec7aefe66f7c59d65a3eec9404de8c6821e1c211de2de14ba3b461c92dc8773d2481081559d5e4ae45d983327c80d52151506f40719c0d3bf6609822890ea926115fd1385c8e8e2ad38c4d21484ddf76f00aa581a4a5273da4431552c4e8ac0d240838e12d4349962c9fa81549100811b6bc581b94461939237822ffa7f0218be27fa4fca5ad020a28cfcc69f67cb5d5f604f80612ff8a37e7d7843e6c3900e3458fea002006ebfac10170a8a03076d206ec7904a4b677a8ca27a16a316e256ec5dd7f7d898f4d94354119a7d0180f6b43eeb0bda60369a2c538a055888d26bf541b94201939277766fe1ffc772c0a5c95a3115815eb891c2c50ed4913be942a7024752f60fb3ffd0a73ff0187d95faf4ae0783ec2f2411c14e8edfc34591ddbc665c51e754f281a1d3b0d0d9cb382a226c8f0ea3c9f28138c0ab101242d5d60fc1eb07832728018b1fece7c99b2c59e9a8c84f7d60f7815c26f27af2d8f95241939a7782a8427f1298b7258e58004e95332f8468a771c62f77ffcf801fff0919dcfbc38ca39c5875d7394fb835c021085dbc732dc76fc8e91ef1911f87a9945352e3bc4212d2b89b87b6e7d3a0767cec9306cff670eed63cb16e9c7f0eaf65cc38ada1e59ca75ecaa9973fc68e7f4236eff670e1d407d8ddb140ddf3585a33bbb1ee9817c1fa0033ee118b517773ec17142acd4a9b8876fa87079234e6e2345b3e3b38af5e4ff180509b7494f7c14c707ae517337d20fa0b8c28d904e8e15f31d5fc7e4f54405f7e98e8113d7f6413d2bbe50e7662cbee83d8c961eb324b369ddb4933624878d1d9b7b2e899af9c68a8231970b2d505a085522f4b193ce3a5421c18cceda801b336c53867216c280592074d6174b43214a86ce699ef811a7f2318b66f2489ec4760dbac0ce8c235363f7563d7ec309cd5c7f2eac2fa54eeee9dc77c5b7434a648f9833767a122e7019222efe7d3d7440fd0981addbf75c116cdfef5d05fdc20f62ebdc57e97c6c25d00eddeeedde379aa1d66ffe417e9db1ab8b89767247e5de1bbe757711f779d9e1ac18fd4f1b26377c73a1bb86735a4d13c84462d1d7de7ad1aced2a55ad737c8329fccb58e16a62db0dbbb107b1e78b3853e7445775ce0c2b2538b68f9c3de40d85c94a89369495928e6f97c5be5238f47a62db5530d24c8964279613be47bda0d876e93e3853e1e6e6fa9c59bbbb39ea81cb083b3aa984e3c2589737d1bccbfda4536970119b95890c375773f57c0d8162140899253eb5039cf8aca70c73c37b25ff840f433adbe8804e12cc159d40e8a86fd3c74a898e9c113adbdf78c05fb064044d1523884b25822cf899ddc24f773998ba45ed71e2f5bdb49abd174c1f235c9c4ca5f19ab5889289815f2b451ecaa4414a691c4ee7f086fed8a9341063513c090791499064fe2b42813873abe32a1cfa38662954c2230b2488afe4500b1a905f8094301e6a70dd872f9815e2fcb19e5794192e24c9c839c5d3d973129fb2388daadc2141d6064b18d84fdf53d5e2f6422a5bf45558a388490a1d510cb4e798c6b1d628aca9b046613d5f618024803dd7c31e25e4275d3c2595a3fec64ed65b9bbfa0d5347fa586e675f3c890a066c97e4b13a70329ac4339b99fb0bf1267dd14c6e91f1c27ef3aa4c99177eb509289310aa0291cd4471f7a3f19a79060bd924b0d097686933d649c6566295201101ecb1b05566264d88cd251131cc88e07fd9d17b7887395dc2a5442c219b16eef46eabe1d85579c5e7d6e37486df19beb5571ce771367d46e410672665d3aa999832db830ca338e9b854937857bae7e8d4bee9049d473ee70412910a79126acd594c78613cbca508504313a6b43e2937165280e300d881940577d2dc34a900c9b517b67997ef0df7a9b5c57c9d6f208c51c6fdce5c3ea3acd2ebc1101c7d982cb55011fee9b3bf4c724e31148b118fe4190599b0ddceed031c9a38013c391fc3cf42b0d96fd3d5c1c89fc105cea109a8254a02b39cfc49761cae34e3aeb50854c9191a1a113ca6468c7db7a05b340e8ac2fd6c7854a193aa3f9ee727e229f7c8bb8d7b9c10eb4789986ee80cb44efaac387fbeb0efe1d4ddb375e8e3c72f216df6ee789afb91f253c1afea5a6fda401954070f08137437d4c521e84710a80dfc4f1152fe5a9e1ab39ca488504318b863658602c433d6ff429625fcad597d74ac340238f9c537c67f93e8d0fbe4dbaab843301658d0c1f5def769d941de91e34f9874f90f1bd1afcff013d32c2330d0a656e6473747265616d0d0a656e646f626a0d0a352030206f626a0d0a3c3c2f547970652f4578744753746174652f424d2f4e6f726d616c2f434120313e3e0d0a656e646f626a0d0a362030206f626a0d0a3c3c2f547970652f4578744753746174652f424d2f4e6f726d616c2f636120313e3e0d0a656e646f626a0d0a372030206f626a0d0a3c3c2f547970652f466f6e742f537562747970652f54727565547970652f4e616d652f46312f42617365466f6e742f4243444545452b43616c696272692f456e636f64696e672f57696e416e7369456e636f64696e672f466f6e7444657363726970746f722038203020522f4669727374436861722034352f4c61737443686172203132312f57696474687320333338203020523e3e0d0a656e646f626a0d0a382030206f626a0d0a3c3c2f547970652f466f6e7444657363726970746f722f466f6e744e616d652f4243444545452b43616c696272692f466c6167732033322f4974616c6963416e676c6520302f417363656e74203735302f44657363656e74202d3235302f436170486569676874203735302f4176675769647468203532312f4d6178576964746820313734332f466f6e74576569676874203430302f58486569676874203235302f5374656d562035322f466f6e7442426f785b202d353033202d3235302031323430203735305d202f466f6e7446696c653220333339203020523e3e0d0a656e646f626a0d0a392030206f626a0d0a3c3c2f5469746c652829202f417574686f722850414f4c412057414e20524f5529202f5375626a6563742829202f4b6579776f7264732829202f4372656174696f6e4461746528443a32303233303733303230323835342b30382730302729202f4d6f644461746528443a32303233303733303230323835342b30382730302729202f50726f647563657228feff004d006900630072006f0073006f0066007400ae00200056006900730069006f00ae0020004c00540053004329202f43726561746f7228feff004d006900630072006f0073006f0066007400ae00200056006900730069006f00ae0020004c00540053004329203e3e0d0a656e646f626a0d0a31302030206f626a0d0a3c3c2f547970652f4f75746c696e65732f4669727374203131203020522f4c617374203132203020523e3e0d0a656e646f626a0d0a31312030206f626a0d0a3c3c2f5469746c6528506172742032204552442e7673647829202f506172656e74203130203020522f4669727374203132203020522f4c617374203132203020522f436f756e74202d312f446573745b2033203020522f58595a20302035393520305d203e3e0d0a656e646f626a0d0a31322030206f626a0d0a3c3c2f5469746c6528506167652d3129202f506172656e74203131203020522f446573745b2033203020522f58595a20302035393520305d203e3e0d0a656e646f626a0d0a32302030206f626a0d0a3c3c2f547970652f4f626a53746d2f4e203332342f466972737420323939372f46696c7465722f466c6174654465636f64652f4c656e67746820353234333e3e0d0a73747265616d0d0a789ca55c5d6f1c37b27d5f60ff433fdefb10a84936bf80c5024eec6c8cc48eafe5c57d082e161369ae2d44d604d238d8fcfb3d874d4a9c1e72ba340e10cfa8a78be4299e2a16c9225518c641ebc1c5419b4169fca10615fda0eda0831ab41b8cd1839e8649e1b7304c113fc4c14e6ed07e702a0e46411a1f7af0761ccc3804bc6da6218e7630768896450c6ac42fc60f4aa11c13f0e9f4601caa9cfc308d83327838a16e13f17b1cd4e4f01c7216854ed3a0dca88749e3d3e339e4bcc5fb282fa0bcc9e23318340e6d47b910d1a3429b033e519e0502e5f1dc002b5a67277c467c028b4161164027854fe246e5285adba8060bad38077c28cf2b335882463da842c711cf515e44a178c58c540710ab119f80ac200c0806150d2ee013da74508c41651e10273cf490b3d0399a662cdae90d5432a5de305e51a15015e43dca0b90f7908f689c07f411caf2119fd10c012a50680c5e99b4b20355a4831da89209dd10a08a09e0f068b2686770f88470804a1d9416a84a141e505e409707c847e81b2a98228423558acea22ad1810355a7f0105cb01a9d13a13a037d8337d6003c9a6427be0f555a284f8d107400a4a034eb02bfa0484f9604687b44ffe27f1bc13a85f6da0884600c146ff984442327c640c651daa10fa02592c919f4005be5263c56a8c5010cbe40dc1a568e0e70a8584133ce93e6e86ad0882fa3e4401629941cd14a05142ea25f680a9e6d513008afa0740533f1ec4d8522bc2608b0dfa7dad16e3f416b0acaf396748696bd532c07dde5d0f1203afa0506a1d0261f58a0610ff21dda4e6481867dc977504d204a853f42aa14ea0ca952282d802df812d0b13411a8264ce803858a8305e914b8119ca655b1b3d18d0aef8141fc09e2010454309a106971308010d1a50acc8b2338ac603751110eb81135e1c0a2a26153c1de6808075a8b139b0afcd1b23d96446027a3cfa26381b0bb08bde00b5e0eb462c08e21f209d9010aaa991e208d8215811f6c354b1b35bbccd17368f053b1ced1240f40024c9a3ec1912e2a79057e4ba590302e790c96828e82af601d9eca73e4554073e80ec00c7a22cf3a2269051300a3f83619a0d8652ad1442b7a1cf244a75fe9bf0c81c1424119905985441ea20e896ae9d798fc1c640359073ee11bebf044931814f85e601da92d54ba4a6d0964c1c87604528e0a5391c4d2a994c447fecd77b5612b23893891f16c85b6242fbb5ea7de213fb4636d913cf56c73641d9e3545d611805fd30874a4d6d84d661cf98cb41bd14a3d926ee459ea1d38377842d6630c87874458b2030d27513948d0b68d1df92b396bd18e84c0b8e4a55907fd80662f1a0e1d5ab18e001d6b45d948af4cea4d23fe4d3d31d15be8c466328a2e0fe40519b5e2c86160cd9a3c9a8ca7e70f643d7d3c5a0bdac39234bdc04497ab75b200b046d3f94c9e6d668f4d816d260326ba5e4d8dc0c85832b93e12398c1c06014d68934c831a323400da8c664fc02d726425f327b63919ccc4369b34b6a5f7588ad37c960c03bcd01c192dfcc6305b5fe0c8435bc5a84409b620a2bf35cddf8d94488ca797d0b38d50071c279d19f9ccf31bc7318e95300f4ad0fae82141157e033335f9e19ce33898ac8af5d2c1390eb3dad2220338a5e9961dbdb4262ffdc818c1d25ae852359d9b67df6a32cf6b8e97c9e640098ca88a964609976c8e5aa39da332f402fd81675ca169c99ec3a076c9faa80dda8d87b3c3b7645fd0581a073c6d46d30b841176aa93ddd0da35ed3c249ed2ce830183930dc387f23d460e13e3035a50b0d415bd00fc33c7fc649b69f48fb44df051d30b040f0be3800e3be47bb4e410c962da794cdca03f88234ad5c9bee833346d3f523b9a761e0d7b8bb61f197c68da799c52c9b43e4b59da6f74ec8564eb9e7869e731b07f69fbc99dea986c3849241b6684c3286ee468a3697323ad4ec3ce75f2a7265924fda9a63cfca9610c436b6680462dc19f22de20bbe14ff9ccd2ae812d316ae4006a46d6411f66c639d6e2af6c4164acc21ae15a190dd172398a18f6a7627f18d839bea55222ad9ea528daf0c478881a81215196b6ee184d123368c752e8133cdf4b216bb0fcc63a30800dc9e6a8223c63c43732d44cf6ca21ce30b4d5f40f86de46531306968c6f3ec569b47ac3f7e809ac62f84a4fe058b2a12720230cbc00ec9f6d36ac23b0643200dd9863667400e23ff63114c6c8cfd34f284a30ee4cbe948fd865d4c534921f34c234ac58da347d08cd77a211467e01a7fff6b78b77141d87f7179717dfdf7cfc72bfbd7871bbffaf779b8fdb6fd47f0f171ffefc7d7b71b9bfff72b57f75bbfd7cf1e32fc3f87fc3c5bb8f83a1d4dffffed7bfa442a0b2b990cbdf37774752e5f58b1f0725147971b5ffb2b9fdb0fd371af3cf6f7f7a7df9c3abf7680fead7adfa9b202ab9060ef42344385bc14713d324c464842215a69fdfbf7cf5fe5f68de8719d424057520d842656754ae8bca0b5159a14885eac5cb37afdfce809c1450916961093396d8c30252cbb078a14885e5cdab37df16ca05299847a1061a93f8cee96d0f8d11a289429125df6630aa69c05dae75c04c3318db05e3a40e4109650e3cc2fbef7e7871f9ea5f2f5f7d78f1faa7cb0cec199ee148be85d1cf18431763946234429906c68c4dec202ab906a629d19feb231d4c939662b242990ad3fb171f5ebffd474624f6108f522d3c66c63375f158291e2f94a9f07cfbf3cf3f6634621791655a58dc8cc577b10429962894a9b0fcfee5d7db9b874f798c15fb8827b116a24476aea275105969d8a09550a642a43296a65b90d76cceaf596cb46ab8dadddd6daff637771f87c7b865d8dc5d0f27156ce718c6ce566067a76cbb4ed94a9db2b642997ac0cca09b762dafd99f5fb37c98aed59d159c94dd374e3b0f06760e49ec4c6cd725b613d32b0a656a53bddd5c6d67cc466ea859a881cdcd2c72dd48d88923612594393616d3345379cde6fc9acf33d314b8ce267a42b57338ee66d7ee6612b96e44e1a41185b142996333314d0395d7eccfaff94c03a57a93a24f04a47e0e6cfc1c64fb99d1becb682fe65514ca5470d1f6fde6e6ee214fedc4265ac9b510ce54f2dd999d97ceec26259439b695a969a5f29acdf9359f67a58932893c2bda9d1dbb9f1d7b98d914ba61729086c99315ca1c9bcbd4345479cdfefc9acf33d4a2e1275b3db15011e69825cc314b98c91dbae40e628a45a14c05fbe6ee8fdbdd1f7948b5627b7d126be19b0915ba8b1751ba78619550e600d1c3f67e9f0189e7c58f520d3c71f6acb1bb7c11a5cb17d608658e89699b4e405eb33dbf66f174f5cd91fb4956908ce22463e26c0a71368538870cb13b1b8cd2d9a0f5429963a76b9b8e405e733cbb6627b6c20377cf005ea0e9d9cb339b60fe54f9b34b6ee610c8303b25153a30d7abdb2fd7d901b967d86b116b80e4d6e68caa3b1f6462801095910a1dc741199578fc7e126ba2f219553788669e861095950a3508da7608f2bafd57d42d1e9fdbc6715ac32a5b85ca56a174feec46d34c7611a28e52a16317ecdb2e415cb7575f51b7d8265b115152ba6cd199b945b3b65dfecc7c577dbe2b29e7bc910a3534d0b65f79ddf62bea3e6ff05d6a3c0f0ca77ca6cedcd799fb799350f5770995789bd07ba9d0b1c5fbb6c5cbeb8ee7d71dce1b8ae7bdb0acf37e5ca9f28ea5d299f03a135ef709afa5a40b4a2a744cbad0367979dde62bea160f9607849f774ad6556e32cbf396a43299e5a6cf7223655ab052a15efc13c4d67eda964d2696e94e2a9591ce2a83970a35eca76dbbf2bae3f975c7f36cb7784e81c79cb74753ee68facc3b8caabfc5a8c47b8c5149851ac8dbe62bafdb7c45dde7ad55559397531acf7b9e6acaf1fd94793ef5793e49b916ad54e8d869c5b6ddcaebf65f51f7792b5659d149e9a7b699d594599e773495cd2cb77d965b31d3a254a84ee8b8bfdedeff74f3b07ffdb2a475b44d5ddc0ccc824f67831cd4d85252de8654791f52f5372295783f107372a9549d8874fdf9e6eefbb79bcfdba21c23ce47aa459b28737c62fbf1891527868c93546a89eea71a9d7d16ba9f4ea07399d8ae4f6c276794934a2d997db9dfecbf3c14785e9cb17420dbc49739eaba1923ca895346c620955af6de93d5c667755dd7f6f20ea372ddf542e5c4e9236a944a55b85e5f7e9b73ff9452525059a88928bb5adfdd64575e9c75aab454aadb53aae342e46d98bea27ff38ea6f299bfbecf5f2fe66f95c3b522b5b4cf27ad748275791bfcba45f7b59259efb34ff67d9fecc53e5905a9545f2b62ab3e8d2fef43aafe46a412ef072a3d4aa596b8fee7cbe66e7fb3ffb3e4598acd7b29ddc498191dfa8c0e6236692d95aa307eb7d96f3feeee1fe18963854ab0892cb333f47d7210fb643d49a5ea04c5ddeeb70f37fbdb12286871a0504b36b165ef1cfbde398a3da37652a9f678a3db01c2331a10ce1da562f6cb31b338f6591ce52c8e52a94a1f97dbdb5bcc69dedddf94e43025cf0e5b0837916636f77724957863505589622b5235c2fdeeeab7024dbc205fa49a986616f3ac6207931ec524aa52d056a4ea34ef39fbb01a3be4e96887b20d7c7acc675cc6eec29e1ea50b7baaca395b913a8daf19313ca71da723068156f219997923339d31ed6a47cee820956a69a79acc1971ecb0946e62cd0c577d862b31c3a7512a5527fd6fb8d4f2d8fd533378784e23f449a554d5b5f4913733f5bc99994e0677f522f6d7555adb8ad4915e8a56c446ff28d6449719adfa8c56624657a96b2b5215aaefb7dbeb5f378f6eba9dc3d6c255093691651eeb3e8fe56710abd4b815a976bc21cf8feb470eba9c3f3c710051bcbda7aaacb715a903ef737ff569f3b07db44d79eadb8168135df6b1270e228a4f22aa2a036e45aa42b798b4c8b3e04ecf57743995d83f96a8c5e71255950bb72255af796f3fff8ae1edbb824cbe59f824d84296b70375ff88a2169f515455aedd8ad411322ee095d1f019797707b24d7c53c6d75d97d6f2638b5556dd8ad411be17d7d7f7db87b2bad9ceb1eb237c926e62f41963772544cb8f2d56f97b2b524718ff7977b37fbb2b47fdc47e6521dc42983718757f8351cb0f3156d97a2b524708df7ddadd1596ca53f60e659bf87264d23fd3a8e5871a9d914a1de1abb74fe4c97b87b24d7c3946e99f73d4f2838e5506df8ad411be7f6cefaeb7f705e033ddcca37013618e55fae71eb5f8f8a1aaf20457a48e107ef734fac933060f445be8f299436dfb718b15c72d553ee08ad4b1fded1ef657bb9234a23ad9817d137c126fa2ccf18bedc72f561cbf5499872b524728eb6dbe6724211ec836f1e528c6f6a318278e62aabcc215a97e14d3ce2f7c4e23ecd7c43e2ec73ef92ca4ee1f86d4e23389ca3ba954232a7ff9140479f106e842b889b4dc10d267b693333b48a52a842fb7b7377f6cefff3cd8e4f5e2658f23f126cacc6fd7e7b717532b8c52a953b3abd05ef97846334eaf7caccec9f2e1489df71275ff78a4169f8f54559ae38a54a59b571f5e14a588238b59a6892b33ba7f34528b4f28aa60a552755f6ffe7cb3dd7fda5d1754e270a2966c62cb3cf67d1e073981bc54aac1e377f7bb6bfcfc44e76648f19cd644119deb7a5b1a0a99d521b33af4591da4fcfca6fc97b1cad3286bc9666bfb73cf209d451eb54ebc1fbbdaba7e4c2ede73fce69ba3f689e39643d9660bfb76203e1cd968a178cb77bd85b13f2f8dd219e651fbc45e72b5757deb88cfb48ed236f19ef24acbfa9611cfb60cb11f5ed55bdf32e4bb9e5586eb8ad43203a3ded595e7ba1e883651cd3355de5cd84167e4fb9f551eeb8a5485eef3e6b76d0e01752783b501ac48353099bce769fa7b9e46bcd7a8ab9cd815a9c6f53f63d3ef3da776f335b59f97845e1ddb39a9659bb5ecf267be2cad7f2cd3888f46ead14aa51ab7008d4d9b7f4eedfe6b6a3f2f113da97aa88f0976f49e0f679a7c38d3e4fd4cd33f9c69c40724f518a552dd79bc965f2f787a466ef24148a3ba51bd51d2f8fc68c4d7f214d5d511dff48f661af1f1485d65a8ae4835f724752f3df518507f4fd2e4e38f46776318a3cf8c61b4fc0ac3357df7774c8d78eff3a875cf8d62faadebdf89a9c5b7a02927956accd43eecf69bdb82ebd94b4745ba892d7bf9fed94c233e1fa9ab3cdb15a906c6949f58e37c46d6cc71092dacf990a4317d5b30d27d265de5deae482d23bf1ae433136f4fa233195d7797c918e92e93aeb26e57a496e896dd28cfbd3d126fa2ccd189e9e72c96ad695e79ad5a85a8bc02939719f21e72097772f9f347ae6d0eaae7edc47c9968be87335f2199af36cc37fee50bebf2756af99ab17c3f56beba295f6594efffc997d7e43b55ca3523e5628e729d44b9e4a01cb72f07bfcb69e4723cb71c2a2dc71ccbe1bb7274ac1cbb2a0794ca519e72e4a51c112947214af27f499e2fc9e62521bba42f97fcdc92e25a12414bf26449092ce9742547aca45895a4a492c253125f4a8a4849a828e907659bbe6c65970ddfb2315a3610cb365bd9902a5b36652fa22ce59705efb2825b963fcbb261590a2bcb4e6581a72ca594058bb22c5026e065ba5ba688653255a60025282d215a09834ad85086e832189601a438d9e2808aa91e5b4565041feeb7dbf7bbddfee2fdee76fb66f3fb90c3c2779bfbed5dfa75c8096f690dbf94f7f8eb5b58fa8fdb3f1faf7dff1e65ddedf6db8bb7fce7d5ddf5d31f740abfeefe7d718990f8e287ed06e63d7fa74cf9fefaeef6e66e7bf969c316f2c18b3b94b0d9dfeceef2dff7fb9bffdfe04bfaeb7f77f7bffd0a1f71f17277f5e533da949e3c7cda6ef76ce4fee2cde6ea7e57fdfddd27fc5bfdfdf26673bbfb583db8bcbdb9de56efcef5e0b58ff79bcfc53fa5c4f98b1f54762a2f6ffec8f0df7ef9fcf00b94a4f22a5679bcf9bc7df865fef3c9e1d4f7d31fdeeb7e7833fae1cde28757731f5e627d78fdf3e1e5c987d70f1f5edd7bea9ed95337a31ede2c7aea32cc53f7371ede7c78eaa6be5397ca1d5ec876789dd9a9abb7562e8b5a5eb3b4bca068ed3a9db50b5fd6ae2459bb3f63edb287e535096b07fad78e9faf1d95ee9d125e9eab5d9e445d9edc5c9e785c9e17ec9d98eb9d195b9eb55a9e4b5a9ee6599e80e99d04599e9b589e3958e6e8f7b2d39799dcbd4ce6650ef03273769977baccd45ce6372eb302975974cb8cb3657ed6329f6999ffb3cc9659e6972c333196990bbd9dfbe53ef77247b8b71bbadc4d5ceec0f5f69bcace4ed943293b15653fa0acbc9775eeb2a2bc5c835dae5faeadb4adad082dd751ca6ac572ae5f66d565feba9ceb2de743cb19c471acfdd7bffc07ec3bb1670d0a656e6473747265616d0d0a656e646f626a0d0a3333382030206f626a0d0a5b2033303620302030203020353037203020302030203020302030203020302030203020302030203020302030203537392035343420353333203631352034383820343539203633312036323320323532203020353230203432302038353520363436203636322035313720363733203534332034353920343837203634322030203020302030203020302030203020302034393820302034373920353235203432332035323520343938203020343731203532352032333020302034353520323330203739392035323520353237203532352030203334392033393120333335203532352034353220302030203435335d200d0a656e646f626a0d0a3333392030206f626a0d0a3c3c2f46696c7465722f466c6174654465636f64652f4c656e6774682034303637312f4c656e67746831203131353236303e3e0d0a73747265616d0d0a789cec7d077c54c5dafe3be7ec269bb2c9a612b284ddb0240136105a2014c992462f812c248140420ac5d009d28905d028a8d78a15bb5740370b48b0a26257ecfdaa78f55aae62b9d77611c8f7cc7977202058befffd7f7ef7fbed9b3ce779e69d99f7cccc9999332bb09220221b2e26aa2ccc2b2839dcf5d3c1242e914e6761dee8fc9bb7446c2671c18f4421967113b37a5fffc8b43944e27c14a8ac9e5bb5c05bf2c05944530f1399bfa85ebac4b967c19bd94457d8907ea06ec1ccb96bded3fb13cdf894c8ea9e59bfbc2eb26fac9de89ae788366c9a555b5573f4f0f6d7102f12f1facd82c3ba3d6138d20548779e3577c9b2a8370723b640fd29b1f5f3abab929efb6e3b894e5389fa87ccad5ab6a0476d7a3fe4cf4279e7dcda2555d79cb36529892d4ea4cf9b5735b736216a530389b21aa29e4b16cc5fbca4d54eebd19f3765f9058b6a17dcf6d3ec878816c4e376ff2239162179173f1739d93e3d7af077d4de42d2eeff7cd57392dffdf196277e3a74a431ec0b0bee4961a4111bea85d05112fbc2b7fc74e8d096b02f8c486d2c36547aece7d06564a665a4a3a68db268037286e2be1a7275931bc36e268b79b3b90f427664d65fa4f51a59488b366b9a66d235d347d4a3f551eabcd268016ccc44a7933ce8ced9dc86d01bb47427895699a7ef3647c99e52bc29eac416996e2217fd4e3395d3365301559d32ef0bdad636ad7f7a62fa74a66fa76de6489af2b378878fd7d74cbf2dd609f5bb701dbde2d47543dec07dbb9d3acf3c9aaa7fd7bd3a711cf30caa36959e340edb69d8a9eae81f53f409f7ec4477fd9e7bfebf98fe2d66dfef3493896ed29fa5b9a7ccaba59b4e88df7862fab4ed184f3799cea1fa9fc55b76bcbef8e29763213fe667719fe63ada8153d70d09c17d2f3d759ee92eaafbb5769f70afc7398ea999eaf483278dc3381a71ca3a65d4e1847b6ea41b7ff3fd8e50ea69f3cefdf5e7aabf46537febbd9499fad2667d06959f2a2f743e9587bc0b08ce47d9ca13eef71355fcdefbfd6f347d1f659fec3bb9af01df66a5c5ebb4eed7e2a2cce653f9f55b4e8873ca322135b4b9edfd7ed6969c533fb3d3966f134b7be6c4b87a2a159faa8ef9ee13fddadd3f9f9fa686d3cfd9b665cc715c2ee4ad5f2f2fcba0bd97ff5a3965faf5d4e9b479379e3eef54a66da302ed6f54af8d3578b8d6c27bbc761575d33ea37a51cdef48a4ebc534aa374d42d98f0d14ca7a324f7c8f744fca131f924bd6d1d691e358fcf5c7f5ff65c3bc26b1ff8f6e45d08216b4a0b169d78af0d3e655d2c1ffc9b69cb20d8bf10e014e97af1f6efdd7ff647b8c7b66d385ffd3f7fc25d39efd6d9f6df199f8eedf146f23b5ff2de5708ed8f89be2fd9bdb277efcfd9fe5ff2d75bfa35effce72410b5ad0feb34dfb8e3a689fd0263d84caf551b449bb13b808e902a4a7d026713b6d32ca1d801f69d35ce435d046a05c7bd3d0e5dab534596ba4226d3299f4789afc47f72968410b5ad08216b4a0052d68410b5ad082f6c798fc8c69f027fc59527dce34f4af7cce34ca34f09f8bcacf9bc667cde0e7cca0052d68410b5ad08216b4a0052d68410b5ad08216b4a0052d68410b5ad08216b4a0052d68410b5ad08216b4a0052d68a7306d01f5ffff7e8f3a9af6dfabd97ae7bfb725410b5ad08216b4a0052d68410b5ad08216b4a0052d68410bdaff2a33013ad099bfb15b4c434a18699dc2915542263110e97ee444d944282b75a2eed48b469097a6532dcda605b49496d376da237aa564a6f448e995929d32306570ca50a7cdb9d67976abf14ddca8976ad41b4aa350af8a66d299b4e8847a3d53faa4f447bd21c7ea89d6efd08642fd011940b7ab468bb1dae3fa10cafe7c43db9f0f677c50f5e1bac0378ff736ae3de5f782d3042aa76934eb9707421fa95f851ec6502c2551074aa70ccaa42c1a4c43a8800ad1e6c95466c4a9a1594213d1c226924547315e948b0a512fe68b06b154ac1617888bc425e21ab14beca510f1bd11fafb93bf0d1d692df0dde91afdb28936ad3b55ab1705f8d7be97efe73da353f7ed14f75881661ceb31b4d167709b5e2375bcdfb2d94ffe4a7bfe8f9aa823f94dfea45d5d211e194c72ddb4c924b90a18f2b9a732f491e04e0ce329776718cfb617c378be4303906b360fc807e4777f17049004140620ff7d701120bf97371d181e40263022003907460520db3a3a8021c018606c20eeb80064b9f101c87f2b2cbff7780250064c0c40fe77f892006a006f00725e4d67c8f9647c3f70959c57e01940357474a00e2092c1b50c39e7b05b1810e303b10021ff0df36c869c8fd84f0c08f9fdc20188f960f99dedf3a01bc0f3196235780143ce5e5ac410178117338cff09c41286b806dcc010bbc04b19c66c5fce30e6fc7686f1ecf630f41f90d72b803aa2944c866507b807c38298293d0194b1ec06f701b2a1ef03f707b0075b1e020f66581e03e339a5603e581e2772da18f2beceb50c7140fe3f1118a6104ff9fa754b162f5ab860febcb9f567ce993d6b665d6dcd8ce9d32aa64e292f2bf5964c9c503c7edcd831a3478d1c317c585161417ede504fee9033060f1a3820a77fbfecac1edd33bba4a77576757224c5c7d8a2ad11e16196d010b349d7046516ba8a2a9dbef44a9f29dd357c7877997655c151d5c651e973c2557462199fb3d228e63cb1a40725eb4e2ae9e1929e632585cd39980677cf7416ba9cbee70b5cce16515e5c0abdb1c055e6f41d34f418439bd28d841589d454d4701626cd2a70fa44a5b3d057b4745653616501e2354784e7bbf26bc3bb6752737804640494af8b6b41b3e832441842eb5238b059238b55ded6a7a71556d5f8c617971616d85353cb0c1fe51bb17c21f9be50239673b66c335de86ccedcdb74518b8d6654ba236b5c3555534b7d7a152a35e9854d4d1b7c316e5f575781afeb8a8f92d0e55a5fa6aba0d0e77621d8a809c76e207ce6349bcbd9f41da1f1ae835f9ce8a90a7842d26cdf9194b28bc78609f94a13da8616a27fa9a9b22d17b678680612bec6e2524e3b6986dd4f9e2c77994fab94397b554e8257e634aa9c63d52b5da9f2511556067e97ce4af235ce7076cfc4e81bbf69f845bed3a7a757cea89e25b9aab6c95550c0e35652eaf3144078aa027d2d6cee9985f25595e8c46c390cc5a5be2cd7025fbc2b8f0bc0e194cf60f6c452a34aa09a2f3edf4795d5815abeacc202d92e67615365013750c6721597eea13ead079afb3aed3bfa505f2a93edf025e6e3a1a4173695d6d4f91c95f61acccf3a67a93dd5e729c3f095b94a6bcbe45372d97c5d0fe076a9c61d8d5ae8db49a55561d9f3d0348bb354b3eb65f269c1e12cc2c595371819363c2e23299f68de6067a9b0932a86bb044a4875421c24f4b4fce1324b9755f387db53cb52d97ea149f6409bcc693e4b9b5836388eb589ef73daa67169d9a0aecec2da82360d3c21a839d0c040b453b753936311b8316a58e4e31caeb2f434ac5cf83484315cf22926397d34de59eaaa7595b930873ce34b65dfe4581bcf77d444d7a8e2f252e369076649c90929cecfe1948f5291ad125a3ee66091dbae1eab911e66a48f25879f943d4265bb64bb9a9a6a9a494f9353d9de2c0c61cebfb0cc37ce5de6f2cd70bb52653bbb67365b2832b5a4321f6bb508db9daba8ca85236f5153554b6be38ca6668fa7694161e5ac8158174dae11354dae89a583ed46e32794aeb6af90f78ea5516254491e426994d7ec12e717377bc4f913cb4bf7c817c1f925a57e4d68f9957965cd9d9157bac749e431bc9af44aa74c386542469a8084c5286fdfe3216a34724d86c34857b708327c16e51354dda2b1cfc6374a376ee4c1c9a6bac5c4391e55da049f857d8d5cba4ba0b405393699731fe1454246265b33c901f6849b3d164f982752b36a1852e9f2c3731fca8609da1129acc2de8c98130c778b686c0ef3d8f7189126044a36a2a4f4351ef3a1e5b2589b40b81f77dc7bbc07def2d21d9184f8c61525f2a4611626cdc21cc2fba4d05923e7dfaab2594d956572f7a044cc55fc0a9f700d219fe61a82168744fac25db579be08579ef4e74a7f2efb43a43f14335f240a3c6cb9e93655bab01163c594925df05ad36548674b6b6b4969eaf3f68365a9584b5381f2525f981b2f3773da48941b265109f7305f6375956c07794b65ddd0b411d56558972a208a8cf08521425820024a141975e47a43a56accb52a9721e1c6d6d158e62b73cb9b96ce2e33d6abcd47c35d037d21e91cd39c2e6f9455d614ebea6d6c3e58ebe1691b2485a16d34b1943d762471b3321ea4d048b4bcda85acea4a27cf918958cbfcb208b7b3a7167bbe29bdd640b83d9049b25b7a5a8435dc17d60301f12b75440fb9e798d342cbcab8f1466a43a000ee6df345a045e96d86325001a383ac11b22df8dd80a6caa28fc830c52d34c1b50c5ba76cb4112914d93e6bda882abcddb87e043cae1c55d92237c188408c7dec0d953d8fc4b8634b6869bdc3b53cb58d61ef906f3f39ffc88ef3a287ca9a4e76f8a6b8bb675a4ef65a0d775393c57aea0a3c5e16eb31369c5a5ab57c2b80e58433e69bb350be2a5d239bb5b16e8385c14d235d788368691238e8e8583ea9ce9a32590a4d1e6fec65a72d24da1492af692378936d904a89408a1f66936fe689c959c7924512380ca6f5e03304ba22f75acc9539765f3d66a62a229f88b3c969730d74c98b51799844251ed2b16581e98f5927174d63b5b37406263b021655361535c9236a755560d80277f2cd739f1012eb4260f22090ec8eaf71bcb3b2cc5989a3a9282e4d4db56335829d7538a7baaae4ab603cf7677cb97154a96a92539c705229b3fb42f162aaabaa75a5e20de2933b108fbe6ca329b06cc8ded4e46af219ebb60885113e1dcb6e8424fc2e70bbaa6ae511ba4e9ea06b8dba4568ae313a329abdd085b55c0bb7319618386c7d33e4a5ba491ed02b2add188998a6d826e780266cc115787b98d2ab2755e25525df484ee35157d991c2208c90a93204e2826169b2202f01d99ab9eee68ad0b4e31ee377be9b0b5b8ca868d98452df7855c4584f522c74fbb47639c8949d1713ca4bd53ea5cbec11185e0f66955dd676fab492d2c0e331ea8f9055edea817135788c7748607d1d7bdba8f7d0543bc6f4b47ebc1cf4a113b5a7b42728871cda93017e9772b4b7c9abbd057e03fc66805f07bf067e15fc0af865f04be087c10f811f043f800fc126ed1dea0b9400fa315503dc0abc0a98e94c44121481fa82e2b547a900a8019600970366947d0879b722a220a776deceb02431120ff45c25ce51e26c251a9558abc41a25562bb14a89954aac5062b912cb94384b89a54a3428b14489c54a2c54628112f39598a7c45c25ea95385389394acc566296123395a853a256891a25aa9598a1449512954a4c57629a12154a4c55628a12e54a942951aac464252629e155a24489894a4c50a25889f14a8c5362ac12639418adc42825462a314289e14a0c53a2488942250a94c857224f89a14a7894c8556288126728315889414a0c54628012394af457a29f12d94af455a28f12bd95e8a5444f25b294e8a14477253295702bd14d89ae4a74512243897425d294e8ac844b894e4aa42ae154c2a14447255294e8a0845d896425da2b91a4443b2512954850225e89382562958851c2a644b412514a589588542242897025c294b02811aa44881266254c4ae84a684a0825282044ab12479538a2c461257e52e29012ff52e247257e50e27b25be53e25b25fea9c43f94f84689af95f84a892f9538a8c4174a7caec4df95f84c894f95f844898f95f89b121f29f1a1127f55e203250e28f1be12ef29f1ae127f51e21d25de56e22d25de54e20d255e57e235255e55e215255e56e225255e54e20525f62bf1bc12cf29f1ac12cf28f1b4124f29f1a4124f28f1b812fb94784c894795784489bd4a3cacc4434a3ca8c4034adcafc47d4aec51a24589dd4adcabc42e25762ab14309bf12cd4af894b84789bb95d8aec43625b62a7197127f56e24e25ee50e276256e53e256256e51e266256e52628b12372a718312d72b719d12d72a718d129b95b85a89ab94b852892b94b85c89cb94f89312972a718912172bb149898d4a5ca4c4854a3429718112e72bb14189f54aac53421d7b843af60875ec11ead823d4b147a8638f50c71ea18e3d421d7b843af60875ec11ead823d4b147a8638f50c71ea18e3d421d7b843af688454aa8f38f50e71fa1ce3f429d7f843aff0875fe11eafc23d4f947a8f38f50e71fa1ce3f429d7f843aff0875fe11eafc23d4f947a8f38f50e71fa1ce3f429d7f843aff0875fe11eafc23d4f947a8f38f50e71fa1ce3f429d7f843aff0875fe11eafc23d4f947a8638f50c71ea18e3d429d76843aed0875da11eab423d46947a8d38e50a71da14e3b429d7644fe0e295ab4f3fc1d87387066f6774c009dc3a9b3fd1d07821a39b596698dbf63246835a75631ad645ac1b4dc9f3214b4cc9f920f3a8b69295303e72de1d462a645ec5ce84fc9032d609acf348f8bcc65aa673ad3dfa11034876936d32ca6994c75fe0e05a05a4ed5305533cd60aa62aa649ace348deb55706a2ad314a672a632a652a6c94c9398bc4c254c1399263015338d671ac73496690cd368a6514c23fdf611a0114cc3fdf691a0614c457efb2850a1df3e1a54c094cf94c77943b99e872997eb0d613a836930971cc43490ab0f60ca61eacfd48f299b83f565eac3517a33f562eac9c1b2987a70bdee4c994c6ea66e4c5d99ba306570e874a6348ed999c9c5d48943a73239b99e83a923530a5307263b53b23f792ca83d53923f791ca81d53223b1398e2d919c714cb14c37936a668764631599922392f82299c298cf32c4ca14c21fef6e341667ffb6290894967a7c629c144068956a6a3461171845387997e623ac479ffe2d48f4c3f307dcff49d3fa904f4ad3f6922e89f9cfa07d3374c5f73de579cfa92e920d3179cf739d3dfd9f919d3a74c9f307dcc45fec6a98f38f521a7fecaf401d301ce7b9fe93d76becbf417a67798dee6226f71ea4da637fced26835ef7b79b047a8de95576bec2f432d34b4c2f72911798f6b3f379a6e7989e657a868b3ccdf4143b9f647a82e971a67d4c8f71c94739f508d35ea68739ef21a607d9f900d3fd4cf731ed616ae192bb39752fd32ea69d4c3bfc89b920bf3f710aa899c9c7740fd3dd4cdb99b6316d65bacb9f88fd5afc99a3dcc97407e7ddce741bd3ad4cb730ddcc7413d316a61b39d80d1ce57aa6eb38ef5aa66b9836335dcd15aee2d4954c57305dce799771943f315dca7997305dccb4896923d3455cf2424e35315dc0743ed306a6f5fe842ad03a7fc20cd0794ce7fa13ea40e7309ded4ff0821afd09d88cc55a7f423fd01aa6d55c7d15d75bc9b4c29f50035aced597319dc5b494a9816909d3620ebd88ab2f645ae04fa806cde760f3b8e45ca67aa63399e630cde67ab3986672cbeab87a2d530d97ac669ac154c554c9349d691a77ba825b3695690a77ba9c4397f18d4a9926737327f18dbc1ca5846922d304a6627fbc0734de1f2fef30ce1f2fa7f7587ffcb9a031fef8eea0d15c6414d3487f3cce056204a786330d6367913f7e0da8d01fbf0154e08f5f0bcaf7c73782f2fcb145a0a14c1ea65ca621fe58bcdfc5199c1aec8f29030d621ae88f91536300538e3f6618a8bf3fa614d4cf1f530ecae6bcbe4c7dfc3199a0de5cb2973f4676aca73f46aecd2ca61e5cbd3bdf2193c9cdc1ba3175e5605d983298d299d2fc3172943a33b93866278e99cac19c1cc5c1d491eba5307560b2332533b5f7db2a40497edb34503bbf6d3a28912981299e298e29962bc470051b3ba399a298ac4c915c32824b86b3338cc9c214ca14c225cd5cd2c44e9d4963124ce4698d9ee190381a5ded38125de3380cfd137008f8177c3fc2f703f03df01df02dfcff04fe81bc6f90fe1af80af8123808ff17c0e7c8fb3bd29f019f029f001f47cd74fc2d6a96e323e043e0afc007f01d00bf0fbc07bc8bf45fc0ef006f036f016f5acf74bc61ede5781dfc9ab5def1aa35ddf10af032f44b56b7e345e005603ff29f87ef39eb5cc7b3d0cf403f0dfd94758ee349eb6cc713d6598ec7ad331dfb50f731c47b147804f0b4eec5f561e021e0c1c8858e07221739ee8f5cecb82f7289630fd002ec86ff5e6017f276226f077c7ea019f001f7442c77dc1db1c2b13d6295635bc46ac7d688358ebb803f0377027700b703b7457477dc0abe05b819756e026f8938d37123f40dd0d703d7415f8b58d720d666c4ba1abeab802b812b80cb81cb803fa1dea5887749f858c7c5e1e31c9bc2673a3686dfe6b828fc0ec73a3dcd719e9ee33857e438cef1367acfdedae85deb5ded5db375b53762b588586d5f3d6af5cad55b57bfb3da131b12becabbc2bb72eb0aef72ef59de655bcff2dea7ada73a6d9d67b077e9d606afa921be614983fe6d83d8da200a1a44cf06a15183adc1d9a0472ef12ef22edebac84b8bc62f6a5ce45b641ae45b746091468b44784bebde1d8bec1d8bc09e0d8bacb6a285def9de055be77be7d5cdf5ce410367e7ccf4ceda3ad35b9753e3addd5ae38daec9aad1aa736678ab722abdd3732abcd3b65678a7e6947ba76c2df7469767956b916539a5dec9a83a29a7c4ebdd5ae29d9853ec9db0b5d83b2e67ac772cfc63724679476f1de51d9933dc3b62eb70efb09c226f21c6813ad83a383be836d996b11dd028b28bbc9e768ffd80fd6bbb89ec3efb5ebb1e1b9dec48d6ba46b717f9e3da8bf9edd7b6bfb8bd1e9df44292e649ea9a5914ddee8576efb7fbaa9d29ced3ae6b8f224ab4253a13f504d9cdc431254506e71630f7ca36baed4874a517452788e804478256f85582584fba700a41c206d22d28b35324388af40785fcfb9a6612e2122a718f6ab1d084513ecbf8293e71be2f6da2bc7a8acb7d21e7fbc85b3ea5b459884d65c65f4ff0c5cbbf5f62a4d76ddc482979a37c29134bfdfa962d297965a37c8d527b3c866e959a50a4cc3d6d71c36277a9e70c8a3910f3758c9ef0b0ed059b161d2da2a35ba3354f341a1f1de588d2e4a5354af744f5ea5f146d7558357969b5ea891e2b3cb27f1991e34b8aa2231c119a3737625c84e689c8cd2ff24474ef59f4b37eee90fde43bbb974cc365dae2256ee317a932d120936ee995bf8b97202d7f1a8c34b94f30595bdae2b6ae068e397d316c89722e71ff479bf8a31bf09f6ffcf77a86b66ae7518d762e700e7036d008ac05d600ab8155c04a6005b01c58069c052c051a8025c0626021b000980fcc03e602f5c099c01c6036300b9809d401b5400d500dcc00aa804a603a300da800a602538072a00c2805260393002f50024c042600c5c078601c301618038c064601238111c07060185004140205403e90070c053c402e30043803180c0c02060203801ca03fd00fc806fa027d80de402fa0279005f400ba0399801be8067405ba0019403a900674065c4027201570020ea02390027400ec4032d01e4802da01894002100fc401b1400c6003a28128c00a4402114038100658805020043003a6a1adb8ea80060880a846c0278e024780c3c04fc021e05fc08fc00fc0f7c077c0b7c03f817f00df005f035f015f0207812f80cf81bf039f019f029f001f037f033e023e04fe0a7c001c00de07de03de05fe02bc03bc0dbc05bc09bc01bc0ebc06bc0abc02bc0cbc04bc08bc00ec079e079e039e059e019e069e029e049e001e07f6018f018f028f007b818781878007810780fb81fb803d400bb01bb817d805ec0476007ea019f001f7007703db816dc056e02ee0cfc09dc01dc0edc06dc0adc02dc0cdc04dc016e046e006e07ae03ae05ae01a6033703570157025700570397019f027e052e012e0626013b011b808b81068022e00ce073600eb81755433b45160fd0bac7f81f52fb0fe05d6bfc0fa1758ff02eb5f60fd0bac7f81f52fb0fe05d6bfc0fa1758ff02eb5f60fd0bac7fb108c01e20b00708ec01027b80c01e20b00708ec01027b80c01e20b00708ec01027b80c01e20b00708ec01027b80c01e20b00708ec01027b80c01e20b00708ec01027b80c01e20b00708ec01027b80c01e20b00708ec01027b80c0fa1758ff02eb5f60ed0bac7d81b52fb0f605d6bec0da1758fb026b5f60ed0bacfd3f7a1ffe0fb7b23fba01ffe1468b17b73998494b9ace5fa2157a03d1d1cba8ad8da739b4981af1b39e36d265f430bd4333e85ca8cdb4856ea73f938f1ea1a7e90dfa37dad1e5e6b914a9efa6108a236a3dd47af0e8ed408b39aa8de732a4e24ccee39e565beb9727f9be3c7a59abed684b482c851b75addacbf0fe531c693d84972ed2adfd645adb001d6dd4f826f486a3f71cbde3a43128a6729a4253a9822aa90afd97ff5a6e3646e64caaa7b934cf48cd43de4c5ceb9092ffca111b8ca18f979a4f0b8045b4841a68297e16402f0ea464de4223dd4067e167192da715b49256d1eac0f52cc3b30a392b8cf432600dadc593399bce319462f69c4be7d13a3cb50d743e5df08ba90b8ea926ba902ec273de44179f566f3c2175097e2ea53f613e5c4e57d0957435e6c5b574dd49deab0cff357403dd883923f3ae80e74643c9dc07e809da4577d33d74af3196d518351e11352e75c6182ec018ac420fcf6dd3621ebfb38e8dd61af45df6ad29d0d365f09fd3a6c6d2c038ca92e7a22447e1e720a3ac3e69242e411f581fef11a7ae30fa7fdcdb76547ec9abc6e3ba362373ad9192ea64efe9f495743d56e04db8ca5195ea666856371abaadff866365b718e95be856ba0dcfe20e432966cfedd077d09d58db77d156da869fe3baad62be9bb61b4fce47cde4a71db4134ff25eda4d2d86ff97f24ee5df11f0fb8f79f6d07d743f66c843b4173bcda3f8519e07e17b38e0dd67f838fd283d86b42cc5a927e849ec50cfd0b3f41cbd408f23b5dfb83e85d48bf432bd426f082bd44bf419ae47e845f3471425ffbda5f93e8cf37534edbffb1d83bfcdccc994405b5a7f6c3dabf5477d38d589121c21b7e129eda48bf0b17ddef192c241e1a6bf523ced6cfd5e9f0aee72e46df3aca337b77e4566ec9a8bf597b1cbe9144a03680c8da5ab7cebdca50f9015e794441a2876ed4a2828b0740f7d0867108d9c38c55848887c4fb449b3ee4e4ece75edce0ed9a8c78c6811dd77e6866ec4f93cf7c87b47f6671d79ef60ec80ac8322ebdd0fdefbc0f6cdfe9801597d3e78f5835e3ded9ef864ebee7a54cd76edaecfd64336d6eb31b9b2be27ac3ed7a3856eac4790a45c77f27ef7fe2cf77e37c2b87bf62a1331a93106e2a3b4d0d0f81057a71e5a76467abf3e7d7a0fd1b2fba6bb3a456986af6fbffe43f43ebd3b6a7abcf20cd1645ae82f1f2ed7c71d09d1d6b87227f531774c8e8eb78698b50e49b1dd07a7d9264e491bdc2325540f0dd1cd96d02efdf33a8daa2fecf476684c4a42624aacc5129b92989012137ae41d73d4a17f98a37eca37d5ff74b91e32686a6e67fdea708b660a0969e998d4bedba0d41193a2e36ca688385b4ca225343626b24bc1d423eb133ac8181d121238d69131184e57eb21d31a733c75a274fa8b1cf73dd4b9f5d39d913631dad51210e92dad5fef8c808850221cc2932c559a4d5eadc635d2b87aba8834999d1921c67476a5a77d1b191199d429c5156e1589a6488ab4456af7b81e76bde0d25d91aec8d89409b15eb39772737363070cc8caaaa8886937200632a68fed60ef983ebd7a0a7745e0fdef76db3d1d113232eddbfab631dbc64952818e8571230a1e5e5a626288f1c432f4543d4a77754a4fefd75ff0636a17ead2534d0d16614b7338d2e2c24cf38f7c3c470f8f737548498b1616e13759db677474764b8e32ad14ef8b47cf48b44799f4d0c83031e8e8d361d6309339ca9e68f247445974dd121db1f1c84acce66d44268179dd91dc94433fc8b1f5243b926c628cc3162d2f565c9222717162a4e49fc47bba242778909fe0417e424244a62c9c290b67cac299b270a62c9c791f3e4653ebde5dd094de07cf69074a82bfde111d60abc1dfef8834f8d31d1192359bc7ba25626f8416919cf16daf5ea19d8dfff65fdcb7454434879650eec15c63c50c1059151f1843defb55370bb902dc0358cb05149edc2be3db7a84b0c9183beb6dc5a1328abf1e61b070728d0a03e49a898f32b9523ba567c7f4edd72715639d20174f475df4eda1b95c3172e5c41d9726e1c81957bd70c4d1bbdb75edda4ea42fb9bcba77a27b68b7eca9855d8e1e49ce291fe9df973fa15ffbb169c3ce2cde7f6850697eba587cc6cc0943ba2538324ce76438324b568ce951322c27363c7bc23c4d648dceee70b4c23568dc917707960e761ccde9d07f82fc57ed55ad5f9b22cd1db1df187bcd8e0e34c81d1845776014c15fc851047f2947d11d1845f7435a1fecb249228b52295d64fae3269aee17dd289b7a8a1ecd6193b0f9bc7a504264f170d95edf87116b4e4d6a11593bea53e3d25b44e6cefab889d9a616d16d477d76584ff98750f5a88981dbe79690d3353e2aa4cdce119210d849e41e9310df5193a325a7ae2952335be23dd3578e58f3ecc563265ef9d2da9c39e545768b593759222c51bdc72d1c3769634dffecea4ba68c595cdc373a343c44df6d4b8a8d8aef9a612fb9f59beb6f3a7ccfd40467377b545c726c7c87b8b08cac8cc2f58fac5af9e0daa1e959e921311de5bffc9773f962cce55872d0d5c64c4ec94d1571727ec6c9f919178f918a8bc530c525618ce2ee97f3939279449303239a1c9897c98179991c18d1e4fbb5180ac38846faa38aed2d22bdd9cc73518de0ab6ade55d89ba3308c913beba38acdb2a4bfde1c986f3cd5b413a65a689b8975f1a4dbbebefde897c6b44abbf3d3eb8b77f59d7fd7fa7b9a57ddb5688076cd9d3fdd368127d0e45b3edd3c7bd779230fc70c697c0433053dd757a1e79974b7ec77737246609e64047a9511e85546a05719815e65b468319eb0b038679c139d4b6e11168fb5315dec4d172fa68bf4f490f6f20fe3acc519a0e690636baf62e122743bcbd8c16c813528674fba1120a21e332e51476d6b7b6318acc5213280bf3ee4f8b29b3ead223081b49f2d3c576acc49525f650ab75a8e5c260746abb3582d66332e474384df827dcd14063d5613166bb86958ac3dd6c2836489b5c7c7da632c47e784d93ac4c526db428ff6b2c4d8e5cadad67a482fc17865d0b9c67885c605c62b2e305e7181f18a0b8c575c60bce2305ebbac29d43125143dda1117d73ea44574d9d1a9b8bd7c3904dee459fb6206b41995385974573dca76928577d61ba5f10a38f6c6fe599fff8bb42f816fa33af79d45d2681949331aedfb66c9b26ccb5abcc89bc68e63c7b66cc776626773563b2161b2112024a42124295c0a14288136942ebcb670dbd70b4d62272ea1c07d2f4037faf8dd9bb63f5ae0077daf10a0a6d0fba009c4ca3be7cc68b1e3b4b48f10cd489a7366cefffbcef7fdbfef9c4fc93be43c2ae432307e2a0704438131a2735e69f4daad7ea31220d2893e3dc739c16097508cc3c43958d5ec1f292d25978317d993100c1718f7ea2b1fc86e917bb10cf6ba383f9c4ebd15ce0f2b9c1f5668bfad6a1a9e81b15aa16e68b1e7c2b837cc87d787c9b05e42492fa1a497ac8f5eb23e7a09253dac3388a5f0149806ea49bf3f1d6b3d8bab018b52e39193e96123b02d276223509b80056245d0245b7e7e6cec5cc19843f4fcb08fd302ec44de0a4e4f09f2b47a1a8f4c0ae9e118ece9a4101b11d5ea5c942d45748e1daaab67a19a413b857066a1c52f5a2e99ec169992a6e886b547565dff839b338bf77f7fa2f9d6dadc799695a98007fdbac66c501b1ad76c1c8f3ffca7ef8c8c7d7fe6fe9ec3138bed6ad95acec52943d5a1fe2f3dbbf3c0f3473b5c2e7c9f3f0804a054324e438eb3875c7e2b3df6c30f8f3df2e98f36d80311bb5fd240d952c06862d8db50129399381ea0257869095e5a52425a52425a82978682715a821a28390d949c064a4e0325a781964d037da805e34dc0f1f21c7c61583c8bf1e07bcc0257a8c017f0781a7c67a91802ceb192d73f4fe3afd0383d97eb80a93e93c181573d0f4522297571ca8f394e550cd1627b01a3c1aca7e7711c34d133f9998e74ba54bd45f760029fe54f654b95469fd5ee352a674f81331b5471a5d16fb5f98c4aa20f293d38b3036101dda69544ebecffc89fcb7e973f9bfd9450e4cf25b4f115006d13b601a27d266319b03c65213109704c021c9300c724c0310970ec6960fbd5579e3f0370533343081c004ad1e09f421f8211cf19687e48f88afc4054269fc556faf8c54796acd245f09449ec109a9d6c1c4ec31a28d1183cf3a9a5e7554bcfab969e572d3daf5a7a5e355410da141ef2a919c7105364ae99bcb302b28b42a2aa29bd4662a5c5418442617c0161497cd4645450386e36931729a3df11a83453b9e07c89e13f5730169fddeee528ad21378cff8aa59cd07c2b183571e7ecbe82852a4aeedf898c8aa66472f081d66e99bd32fb889d933c5c2fc0c62e4af0c7984984c224416192a03049509824284cb0920753e9874cd37854726178ece502473ca51f52c0af0ace69ae532ae82734c2bdc0d1a866cf592285d1bd026975afd1c1a980cb79323f86cf1e53b14e519e8a28f032cdd86f903c99f5adbb5a096d4d8d251653575badf6e9cf493da038ddc1384dabe18c57c319af86335e0d67bc1aea871a6a28e0dabc0daa6bb06e5063b56863d678b5c2533ee8599e9fd0190388379200803c63065107533863d32db1641246336320f85cb00f6bb19339aa1ec061b002c2163c30c779a1b8054f428d41402aa24aa3c766f1714a229724352697d1e4366a885c170e66b6cd0ad4a4d2719db7266855e17be5f81d1abb2764dbae77707471c66cf9ec18a5a64819e08820b03c5ef8fcf18a206d2f775c1e251f7757d8342ace6592ecec41398bb5608f230e1dd6eb8d12ece8a8978e5a74fc10c26e94603722d8ddeaeaea04843d61d5c317706182a1e119b824012f613077c390ba5a1f96d9a067873a863082305f85722c090313ddbc0656a9451e53114a30fd0266b3690140dda425192ad14fd941adc9aeadb787030153ee3a6f9b93200825e7b15a3d0665a57dc815f6b858bcd15597885b71c093388fcdec3528bb8c20d4d6b81261e2cdf4179a963cdc73f9bf0a13f207e57eb525e299fd696ad3fab1d8c07f1f209e059124a05a34057fc7e1ca8cec82dc877180417d438c198d102323544d23a4d94648b38d5611c624aff26235d821106fba25f0dd92cebb250ae19628845b02df7d1604306acc0608837e3800e7ae7c642edd1e2bcce1137a1b2204fa6179004d65f9c85cba5d92db406cbb243a915de879f08d635ff9f5dd1d3dc7de3876dff97b174f85577f6dd7aeafad8b84567df586dd8fac2d271efec6e513eb461fffe4dbc73f7d6addc8f7feebfb3b7e7277ffb27bce6eb9e1f9bbfb96ddf70c8a3d80ed7e09cc752716c1be85386550210d55210d55214d6f8534bd15d2501550892cac0b02e88200ba185a8b675d308676c16df1185b06898f424183e1694e9906e912b229aa58290b57c0aba70470b9095e3f29a006f3f966603ec994950422e44bfcde7fbbe54115e7b3413b5761c74d157d5bb76723534da36395dffa7aff96ce20f9e086477734e7aa0b1310a80c65c9acd9373ab02da59bbd54deb509694a9bfc4ea02961ac097b56e49c6a9fa11c8eb51c8eb51c2a4b39549672a82ce560bcbc1af33a6b9c879ca43321419890204c48da9290b4252141988015ae069f5a5b0515c1325c26ab872aa3852a73fe650855baa837057e9906684d824616d88a5709a01d2fd36aeb910e69910e31e7ed2f43dc6092402e01165694c6bc52aa408ecf532c306a35ad30aebcf1686bfce14d7905bbfb3fef5bc2455a2bba772c29372a733f9caf6b37583cacc29759d5ecae1c79fcafdf7ee41254b8bf7c63f0d8d15d55cd8bfc7a2e40bcb9e399bbfb87ef7dfaba1b9ebb0768df4f24ed936980f6d5611dd84f10ca6ea69aad570268ea21caf548a3ea21eaf510e67a80d79908cce244322cc4169cb112c6aca4a6aca4a6ac84310b4b179cd50c08f14eefe2719eb7b400ed9af20d5a24e78222c39902d025591908f4c96a1e369d1240431f6c795a909a42e357c8c4e45d4a98ac26afd251b3c54d4a99190b6736e3a9503814cac7ce1a8531e8b6fb8c1ad95e5355ebb2a63d79ed05b134176fb3f7eee90f07dad7a4bda9aa72e38d3a656eb663a92d937ce05f3b36b57b807b5102e3060c7b3c359a09ccbe5ad06a103bc9496dc3c8ce456d5b061a8dba68737f3cf7bf832ef28bd9ad164a91cbfa9a96023fd3756586dc04f4bc1b2f17f949db950b937a06cfb64970b64930b7495ea64d82b56d9aa8e4a3099e33e2d904cfe27dc14430413bacb0ad033a7907c3c017d0c40145e7789a88434f7fca81f8e9f3a76cd2d1281e4feb21d5a7abcfe261ac1e045c215ec37aebf17a5e43e359166e6553c3b37ab69e3537c3c0b4cd218f0c9bc10c902c2c10d70c0b23fb68748c9961a08929727f83f845d1f4d657c3bdc6020b42b2d01901f51a81dd9e1150bf72d871c12083d651a9eba26996e52792989fae565c2399a420372ddafbd858dbced1268b06046b4a5d72e9ee9e86b145c1c4d0d61dd70d259bb63eb02c3adad7cc296404a9d0509a58c75863ddd2943d31bc6dc7b6e1247efdea2f6f4a98bd7e6b99c7ec3250fef280bb7e69b2bebf299e6c5db67b60f0b6912abdcdc369582b6770722a67c0e5aa692fabeb6f4e245b8677c338420facfc6fc13cf38b0cfd8c958711330b719f8471c3e736f990aeb1579e9f82f34c618029049764d51320b0f808c1fb42943907313ea9701950dec095b7e38962d2a01855e54d12a2aabf45399163793a0ecea49c097914654c50aee0b36f16b47ca39275729c987107e3fc01f0effb00db8e6253a2cd5e5f857ba1f5f0426be2856ae985dcd30b3512d6c8f36c69b409b418334b50982528cc121466090ab30485f9698281b1158c49e1465a5e05ba508786982147512751082ad9ef68b424f09a8217c2245b51c932a55ebfc8e025b35cc299f62d3e347dd3f53f3ad82166523865e5f04dddbd370d46116a3e4e85bf71f38f0fb5b7ee3bbd970ce491bafc975577acacaa5c717894b414234c02638066fc1f59080b62e5d86e88d994d512a643da6902e7559690177cae0981b8ac09d0c55099ab227c1146ca1386ebe4d74991364c84e0b698f5fc5b608a18d276e675f104f24506b4a0c31785621b29ba86198f39cb06611f3577d94086960dc8df512413f2f9ca8c4a7234c70fc9d45cd0e90ae80825be55465bc36e5bc06ad028c92f104fe15b9acd769d8c54d0aa99f755b49294eb9c26f2058d8e2271128465ca4339f803c6d863e0e53b32afb472b019719e50f22c41621acc43984fc1a58169a2058c57630fff211ea7cade66c6931f535b4a33f8e7df02276f316f25c4f5ae78f80f285d5ff6b6c08c53c98f0570f5e74ad4930b26eac9ef38938b976f6acbfd4f633068c4cbd71d1ca9e4827581685fdaff6753d5e2e6ef4fa5dbca4d4d8efae18e67dfa8ed48baf0646a6471c2cfb87ce4777d2e7fc7a6b6704763954e59b16805fe48a0b1dc9c7bce51d59ceb8db6575b73df35475ba155d87ee543f288ac06abc5ae87289cb462e169a29557d3e6cf62ae8c8b70f9a7710330c39b898bde784d9c88574ee3b527a8ad30093f36835e80d33c0f13f0a75de6cf04178b1aa80576739cb828c42978fd49013498977b9f93c1ba56ee9d3ca2b4a7bac7ea8593b775761d3a25c4467b9aec2a103e519a50668cefdc3358191bd9dbdd32da52ae5528e5e4d75c3ebbcfc975ddf5b3c3b7fff2cb3d8cd3670ff80c7656e909baebb73c3cb6f1e1f1a43be056801017e83dd482cb400b60cebd555c11e588344cab13465ea5b25ed28d3b2ec9b7e4a9bbb8b049ebac9704ddb8dc7149906f994bd5030b67c6c9cbdd5ffae9bd9f2131b25ffaf7231d3f2a5f7ea7f0c0fd9bef58594978eef9e51d6da2c4161f7deee0d03d5b1a2f7f109ff82a940d7c3e1d78be4a6c453e330e1ecca8f2725e0e53d9ff0a73dc17b5e3e18b8aa25ee2b197c5cc36d24a2e64ffab8092d91705edb802cc42458952fe03396c9d8cd22866df8163200c94869281f7546e3dbe85d2c01539707e1c7f02f82d5907409b12c743310e83c1a657e67e4931768eb53154ee7b14634323bbf229f1211859005b8a462667e1c80c4e8dc681391df24b2c6b917de61db75c3737319d1f969e955f12c0355ed96702ba6a4e80a0f85bf96833f1a15e9fdb87ef52d07010b42277bf928326d3a804e2b9a4d793bf0f7a73934ac6c619ece0d99729c5c12ac99ffb5c3ef8ecc2950fc80f64098cc776a1a8dcedd65b619d2c56ae9f261a78756de0639b1cfca951c342a1c6cd46301f4ed46c9524046523ce186021619298d7d8021f0ba841236c3129346eae816d4e0a355bf3b282b4e35aa9e140d179c2785b4189d98cfcd4223f90532a993e9edd9e1df9d28654fda6bb06ab3784ff949721beceec6558dfd2652391db7e764ff7c0fd3fbb75d10dcbeb8d6af21ecec1285d65aee66d0faddcf8f0965ab3097703f14191522e4f6e93d14519ec9c267bcf8bfb6ffbd5fd03268f87f348b2052e3c84c5b05548b6011a16135b821af8933598a56222080d84ea2a1782520e0951c2a72a26e8a06847ae761bff484696fcadd204a4eb35523937cad2f8607ecf67b5798d4afc0f94d16bb5f94c4a4b018d17738df973f22f053ddf847f237f2e8d10ef0523346141912f6360646a66028d05c8160e00bdbb6652b537ff2c2af804e0590a4f40fe97423c536057ae009af529be46fe4522843d09cc928208b17984ef05f76fc0d68af70f10eb27abaacc0dc9678916c0ef34841133636a6213afc5cce5137e0deb9c600b488bb91de6a3c45b31e8bf900a965e74552615a673fe56261538311c076eec5e2517b0398316ad3c77f02aac772af466afd5eee75480deaa724fe07b154a0569a5c02c24612a9c9dfdb3f22a0872b5f8cfc1a724fc54a1d1b19adc9e9c4aa9d3aa25eb48bc0a50b0622911050eea17a59d0093477742b6259f2d85d2d04ec8e0a72705d99662a254b1409e947895d1e73cc660f1b921c35c1c04739ffc65feb12edf4eb10e510ef20960c51ab06d681da4d25415b64ee35778955f1b535755f9536af88ec5fcb5e355660de90a8dbbae63244114b26c0943ba052e4702cd6751b4c9ebe75f9ecf5ccecf5b4abce96fe52dcd26f904c5792d36af81227277cb02e526a74145e68e1394c16bb3790c54c82a782a7d56151e91e109dae68b3837db82457ddc7bf9284d930a95823c70f9aec2a72ff9bd3061399b227eeaaeb06bbcfebc5e7e0824d28465d1ccf7196039b95356338dff02a8a2b36e42536181f69adc52aa8ad29ce735a5dfcfd1420574ad624ed128ae7fcd1b2d08a82dc96ab2284cf243bf7d8f27c4e42e940f84719cc029d669b6bae0680fb00e23abcc459747081cfca730382d5617ab68f77b3d3e42d3fb48d6dfd3dbe39f7db674ac4abd95c905071f1b2a5fbe7ca41cff1845dc4a913d6fbef281ac03f803984f5c02c7fd1c66249ac0747583579805d49fd46f0e4ce3fa13f2ad73a8044afde92705fd6698fad3832060ebe74ffd75b4ddf6ccfefd676e6d6e3ff4ccfe9ba60ef0277d3db7ac58b1af37e0ed05c7fd591fe13efcbf1ee8efb8f3e7771c7cf9fefe8e3b5ebc6fc5834233bff3c1c1d50f6f6f6adff51064404062db8006bb000fee1759b0e22cb01e2c78f866203236fcb15c4e977d621aa7af2b4ddbe5fdb03c0c5c979c36957d22a04bfe5ea20e2641a8d2cc07b92db5e9be8963797311b2e2da4087b77135ef3fd5de6a8a99bff2cda6eeb88df8e3f0e1d5b1dc03a522515074b27fa267c946562ecf6df7d4f78ab258237b0ec8a20c4b63eb91775679d910fc750fcc51037f918ef5aae82804dbbcb9161e643490c9b9997c960d786529b506ae33479178cc9b6978e929015e6bcd9c8b16736ad2fc5b20a706f411e678e609ed39854ec3eedb34e08f1ceadb7f665f417686b23a7fed2d6d3a5dee3f0b52ec06c75bb3fe3526b7a9ba2513b0043bfee517771cfc0590e49d2f1d5d74ebf5ab82d56d264519d1bbe2d87620d5af2c5df355a1b97dd78392541f05524d028e322eda4635619a8c335136057ff024d484e896de1965df6e6ab2a43f81734eb44af9d8e6ad048c6ed2bf41eec1106d62df16c095def4278274edc289aff00289af429c63019094c43ae4a34a5399d3e133a9c9117db0a62db525af058088d9d77f71758dab361b775495f998956aea4fa69a5efea12fb7f6276c1c058c11a9d269fe52d111b3e7060a5af10b9f2bd4b9a50d46418cc657c397bf6bb7116f049aa3b6dc93b618fc7deaee2b1f1097817ef46247455cda09c35428154ae95cf0f75d301d30555a5e956ebde45a248f6e06e69b3dede56a388203765d8b26300a7b003468ff110229869ce889346aab15d2d1d64b026acec1f6a7044e0e1be7a7f739319574ae64962b3e6f1689b8dcb4f9cbc3c975d95a8692130460a59aaace0dcd55d97a4fb473d5d8aaae8ad49a034b2a8616c575e87b15a58ab40c25c37ca5b5b26bd5da555d9578b8e7c6814a83c3c968181363741955ae80cb1c690a455a626515c9c51bdaf8ad3d11c66cd36b582bc381c8c9eeb29bca92ae686b75b83cd1b116da7927d0af56a05f5eac11d90c4c06d4e994592f63808f3de518575f272583ce7df402cc01c91cf08b49017d53cc0129ae9d026ad5eb726fa90c3e9bdd6354e6deca0719c405286bf2f765becb870b523fa864419ce160294adc1ff32dc4cf43c0a2f1624ce72538608dcd84714a1d9a60261c45539cc99be229f8054cc514adf0e74dc5901fb4ecf8e6c6758fee6c04ea6bb5fb386560f1ba747a6d874fc979ad2e0f47e18fdcf8d5ad0dc989876e2376e529c4eca31b263afc20465f41ec2c103e1cf301645f03cfeec77a51348e5980eafc79ca6ff1aa2d261064f06a8dc53561964b5cd3001c28caba882917946f3953f8de8a2e80d333bfbe190ad5d595b08384d9aca0881d32b525e4f157586959eeeb0a993ee8f5048c14892708c0085446bfcbe5d3ca28b7b8f55247932f981d5ab435f3f263e41ab516e6581c66f0ec308bb4076591bac4b96501419196b6c35ff1095a31687154b467c2aa304c28f20f1ffb28fdebb7c093c3e72e7c5578ee12d6597c742ec9151edda6e2fc161b803c374953fa90df5d6652c92e13ff173c76c0e92fd3c935f843b982a6e0078901313b0408680dfe8a52a390c9f43633b0986baecc9019f2e7c8627e82b2865e7dbba73dd64e6a5496144de37d2998374cc194618a81e9edd434fe575e8785c37a0ca7319859c41aa5ec78a3b426db286509e111a5d31ba709256f642d2f60292645343d9fc2b1149e4a55b7554ce3c099bee2c7fd7e99ebbdea9e96d7e83e1916cbef5843db8cc676af1dcb2f209e8bae1d4b4bbbd71240e86bc71cbc5663c153961704d89f1f756816303f6e96813eab5def09d53d74cb6b02ecd71a2bd9c786761d8d892c4b01736fb5b525ee2c592bb930e9131952794ab44766187e9219c6e9b07b744d0f0c76ed19ac6abdf15fb71e30c7fbd32d1bbae3b49256c92847fbc8e6d4867f5916faeebd1de3ed9e954bdb76b658695aa1a0e95599ceb2cecd6dd95d3d659da9a5b50e608b40e0adb7b9ec011757b9fce0b27396aa4ca473b8bd03c8e83890d1afe5bbb10aac053b8db29460feaa7d75524eb64ecad1d649a8c3f708f5ba69fc22ef3045e13a5dd40bf79b422946614638caa06da8849a576126755dad4f2607465c7e3ad4e3e864b269707a42de870c051084255d58132f223fe63823b60bc186bc4a109bca615b604afa445302d0b6a44bec49d874b56111a3a93ccfa358b31939c95f2737dd3f16edeeec0c2b0d0e93d1695000360f421383b2bc77c992f28d778f963f694a8df0de567e71b8e3c0a2d615f536fc9d9bce1eed64438d911d4a31cba19437e429ebec1f230d01a6ffc88f6e5a7c78bcc550d19ec81d1f1e6dde742bb49dab00c65ef267582df65364d99d687546dc65f4a6b4bbe8c224dca6b1c026cd0fe66ecebcf29eb86993d0f0da980ed7d9def1f06aed120f88eb8949ae877c3f0e571e54da2530a5a838a1ea83be353a835e0a5beace490bc33cedb1bd23881d70b0873302d71327df17602753b01315ece5a4a0ea139d2cca342ebccd5721ba54c59c44a3979053b6e6de15b10d0f4fd4b6ed3ebe323ad8516b55290883561f6e5edeb8f7361f3fd69c1ec94469b883e3bfb136566b2b7319f85b4fddf4c5e7f6373176bf55c7590d618fafdc77e6c9d1232ba2c16840c9b9445415bf97df82dd849d479c74cbbac16df0176b6bea0731e7347ee95438bcce7816bf8429011fd1f0f675d1999d5d99c68146a226cb6789c66c63b62b732131bea40b0c9157afeac39ca43fabcbda206e640f5250182bcd6492e2ead7d8981465c0003ff1c6f9f36fb1622edebb333a23ececd2377a1a092ccb64099a44bd8f672e08a0ff55e806b450b8036943a0827b203d8637896692e23a18b01e6362ac225ae6d2b00ce14b153f0885240a235b187ed31c21992da190242ed224bba5ebbede55b7f6fa55205eb57a8c94a5a62bde7aeb62250a6a39a526a06f196d7004ab90acb465e9c1b424abe5990a242b28d9a6de5124595ef872bfa992b318e39b1fd91a595ce7d79275bddd2d9befda30fb9a520367884649e8fbd67604572c9fbd3bff89ec3f08c253b72492e9abd1b17636ec71073da28c0348c626c666a06d654ea40d477f724b9aa29c8b2adb6f581697531a9d569a598a29a0037bb1df211d18e9e757421df08478f38dcf12616c02a3810698b1cd84707a9719fce9579f25e0bfa616072ae1e99fd0c8afefb6cfacedca440622444d13df44449a224d75d5177cc34b8089534c75f7b159791691f8523dc84891cd5bd28e67e6a3c49b4c894a94a19ed7da6784b55dfa882742604d4c13d00bd4fb70f50501f4df0d6f705a90ee80a8ff5c2dc88811d142f9a2ff0fd1cfdfaca798a28c3e872360d5297247e7c9df1f2bcaffa6dbff01f9e3cb2983cd6fb5f94d6a9d3ef734be9356a3057592d2aaf0bfe4b4f375a06179ec9fd181cbafe337abb52a92a4342adacae49ece95b126512fe4cfc9776207c5daa0496cefd601122ac692fa01b813ff12af49b62407c09fbdc6d02a684ccd7b3343034344cd383f4e0c8d0f8daf1b7da7e7c0927570e6aa6ee84b5a67742d4b8055914d55f52d9a5176a29403508844a95aa050572ce24982589e791184f4e758a40f76fd906788c0c69971a004a8ff03a3ef08e00e37a05b6805708f16eb8c00ee52056f037c5e559f72d18c006e85b21740331273f503da88825809934992298c14cd256a2093d25ad256e702f7f8dcba43d49b8dd5ab0f0f0f7f6128fa36e41e2cf3767da725e83429e54a0549e99ce184a36b13efdeab37c8545a6aafadaa3d52de5e6d73d7a8e48481d69635148c47ded097ba05a03c03a62839e9e888b6ef1caaae1eb97df95a8ab573416fcebd7b9d4aad92ebac06b75fabd55065bd7b36e29f7a832082a27a9a47eb1dce446745c3604267b095aa8ee8228ca5ce04a84e8302e632d6035ffca87c3b16c2d2d83388937a324db8c691864c340d57b0d37077451a729834a43469e842302c267aea98e4a06392838e49ec342639e818a43d6aced7a949871d325d05242cd61e406b65a7747dc88ecc20d29399572322b21e5e9d6f68852d27056b8f0eb69d14506318e421d233276359ca2cc14c2f8650051b81245b4f3e4ab14e23aca5eb3abe7ad33da3e5898d0fac1b38c253460f643eaac7177da12303780ee03d6dbe16be336ccbd39cbd7d237d474e6cbcf1ecd1aec58b084d7e47e0ec62c070361ee03b0e4f00c6b3280ed01d03e81e078c3f8aa5b0f710ba15b1ba4cddce3a92831c91f3c2420ace5709f7ae544274c50231c4fd01d3b834d511fd6e9480a54c539043a664124192493c08bdd7a0a348fe65106f9faff2a543b2fb65c4f332fc15192e933963af857aacefadd7edd2113ad57bce3e29c150ac5411a9e6eb519110a12a312400bfacf225e166d44728f61ae09d3aeb7b02a66374849ed43955ef094e9109a13decb0dd586175ec9a3308bc0fd7215950e4f1b06df6a4bb73d7203fde1da341784a12c076d58dece6773e714363f3ee6f6fdaf6d0faaac7c97d7b5bd6b4fa098208fb7a6f19a936d94d94ce66d0727a5a63b372adfba7f7dff8e3db1777ecf9fa0aeef0b1eaec443d5c7fafcd3d48de45fe146bc5fab175b819e16f325475415dee5202f8babc0c8767bb9299e92b17219c19498bc1f1cdd3f0ab0c35004e79adde8067071c327d0d99a4288839dc7004b76268c14955927238a864950cd2573e0579eb0a788b155e06345b5151c66bc0b14c5f43910d3dbfa3872f984ceb1bc8779b975478db5f6de859fdaa77405ab6cb88a51ebf11c38068f265484d2dc0bec1fd402cf89079390afe8fe65fa0250da37ee99edf09b4c9347c41809d3793ef0ab0fb86f65785861eefea5705700b69912f230663cc8b8568019848b3598c15426105307d668bb48b2c2fb37a6857ebeaf3d6d56cf125e0d6b2428006b71484c2611d29bd23efe2f4b7079c89b143fdf59b1c064b5bddfb8b760d55a7ae7f7cf7f6e31b2b195fdc1b8f25ca3cc1d49adbb3912e0fceb06c2e373156d315b34cac8e2f895986d70dbeeb8d5855476fee9d68759037063cc1d158ff2dc3952eb3a1da1da826d484af656553ebaee5f1327e65cad7da90b4d9b2952deb436563ed7dfb9755a994bedc476bb6781bbacb576ef6d42f995ddb982194b6aa48b9a96d91aba615d93ea01f8f82d9d9822dc5ee449990847b29fcf71f309d0eeb8433495beec2861aba13ad4bddb2401bfcddc4aa9e5e70980a64adefcb45b189f68b4d26c12c3a87168f9187d396b4ac824d2785aa9e006c0c7c59202bb7be2fc825a188360cf4503463739375b573165b094bedb56d5abdf09810df345c675492844ca152a8aabab776f01bdabd919eaeae70decc45ba167745940668fe58ea2a4357b6fdf8fa4a8dc1a4d53346da08aee06c9cbd65223b114907f57d479edab8e7e9235d6c595364bb4a4c99a9727f45a62f0382bd66436411fce7664124fd29f96d104927c4fdcf9399145e512c1293c2e692ea31a99a0c84d116b758a8834a7650b50e32881af89d5aacd17157d8184014ce54f5043b6d12218533088f49452762f09c160b706c550c222e42e172b4d6153594d2c905028a42d82cc51ee4b79506312cb65677d7b41ee8501ac42df9f968b9ebfeee55b7667db66b93fcd210590c09a0267ef1caa7f8a03c8699301ff684587f131808ec0c906629cb33674f18878e6fcedb3b26ee153b4becc69c98e95aa51e12ec2600e569b507d627c39f6a9db431dd08c3dfcc44255f20f961b158d3062f9a12c4ab00742f466b165a70e6207d8296029808bc753e365c65536314fe2da0431ea5442c28bca6b12292067f45bd018cfc9992756ffce2a45a7ac0fcbab7f4200baf7b5f75eb923b02652549a0b6790d3d003434859d42be81ced4e191381ee70d781f88f85f4150c525971b87a9061a1d91cb8d9f05e1941fa32544af5d890694d66eaeaac220d8a2f29afd1a7979b7b3331f4989c1d339a0ae31066d6c4cbc99c71eb8604de9d556e9f2cfbd6c2e15201d50727e3b8869f430a699870ebe4c29c5262a2d8c4d7668350bc62645d5bdfc1f0b851979d901444dd860a18a6c27aa225bb86a2caf8fd8349271675ec6c5aab1ce7f4ed0c567159f4afe0ab0f34b713792b3c3006bc550857388815b7dc356f8ba6b08efbcba9a55dc935c52f5fa5ec14eb9dd665897e14e885546a8de08951a2173a5069ee4cc52b8d37369ebd545c562b757151f9fc52f0283c9e08a93bd3d411409b5f5b47656357457656d25da525ae691967691b3e97cbd1db47ae867321d277aa1e19b147a7bda506f3a616e77797592d683ff9629bc966d3449197349e1e4af882692531a2b3baad37b6006c56af17194b9725175fac682c5840be266174365efeb6e58d951c3540df67605476feef6146d67203dcf765efd49713eef5d3e608fb595c73b2a386054b379ff03a49ec0a691d4f5a2d4e18be48ae64bf61af5cc30b1ebd6304cde23a172d2924a52fce219c929212fa3aeeaa9b005bbf3e282acaee095f2552892841c2744c7a4114ada887b12feae3ce6c27f6dd75400faab7d7fc735cd011380b81e7a2698ab7d03a008f71dfc0ce1e8cc44f072031e61f190160fd17848898728bc82c42304be40edd29b0bd62e4172e58ea97175495194776e51d4d3841aeee23fa3c7fa760171dae0ef54eb7b02d33821a5cb61fe5682355628751acbff276e7cc027057d0fdcf84014f2e49f67e303f946e39e7fbb61e7f776d4a5f7fc700f38d63fe968dd3600a894cf91d936b0645b8717ffe38e1fdfd1db7e70f20670ec01c703dd8737a653eb0ef7f51cde904ead3d0cd13b9e3b46fe1aa00757134ee457137c750b54a58a76b0589e0a6990495c48404b0aa8da415c53587025a19b19b8e64ac2df5e48002dffde42c2026a77ed8584afac2def68e38325fa6734390c5424db3758b5f14b7021218916123ac31dfb17b5aeacb7e3efdefccc912ec69f0ae45af3565bf66e9e5aeeab688d98b2479fba69f1ede3cd1ce096b9478657348f1f106738f1045a4fbb0331cc5db578482f415a2cb497a0d54b98eb21b486926df81063cc0e102fe355d19e90dee4ed366531c9cc22b71c2d72c9135174a15a285e69952ce8bc9d930bcd55049a82788250a8944a8b2b68b2d5d43606e6cfd4b2b6c6b44beb0bba681989931bcd6e56a552298dd5d9fad91f5d3d578fd47584f5a452ad56e9e06eb1c12b33c4af0026dd3823729a586fa677a0f7b6dea77ae52585369f4805366896b6c1e5176e5e010e2abcc15fe33d62b50daab381464f2ab681753670d63a9ec63f4165b56a486f681e511ef03604facbd04fd1045dfd7abdfa7d7629bb9eddc5926251cdef61e54b8ff982a8ac85721aa998660c96309414d3943051beacbefa758155bf2f602cc37a5952474a0535bf47d5343d72f385bc1a174a69606ee29fa9a6217e955c7bb8bf6674718d592d83d532d1cc48434547c211e6972e1fe4c391a15b87824b1a23268a044c48ad50f9ebba63157cc454ce0f2d1fe6c3b86eb100b4c46233063d9c9da11c5e87215057164a957bfcd1d691e6da0ddd95b4c1c4fc3ff6be3c4eaeaa4cf49cbb56dd7babee52dbad7ddfbabaabbbaaf725e9ea2c9dcabe1048c8c29a004285a40911158651f9b189a00909e0a883fafccda0a34036d2822c6f2c1879d8288a8823083efd29eaeb117514045279e79c7b6be94e27fa667cef8f379d2fdd7deead53f79ef39def7ce7dbce7724d9ade0b865b7d7ed887705d2bd9948ac6d6423304693ddc5ee0607c0ef8d98af01f80ad809b6219c8f813df0f56389ace3fa9bb1fd7648f6cabbc6768e3964d931b69359fd11b0fafa72787adff8c0b62bc757fe7ac3ba0d176dd8b381ce6fc86fd8d4fd6ceaca159bde185f7db33ced2ddf3e0919e217431cb5d57cab6063c420096f7cb1aa1956086dd0b0e4fe18076729246ca7e7faf2bef074c578d18695686436281b221bd0c890775dd9fd6c05bd6d7cd31b15f43eaf3c5df196adf8957527dae82c3b6e4e35e49156a7da9cd65a6af678b9ce3abe2d36ff331887d95d14c34be14ca77bd98e52e87a59c3bb813ee4cd2fca661677f9e2410b8d435d62bd2b5a07f9ec24d2b1eeaa85de9ce6f6746dbb69e3861b36b6fd1cef2dd2e45ff495ddc98093e72c1cb35575aba2285bb9e4cabd6b287bab35b7309e2dad0844427350c7d0d9696be8e2a5298ed3cba945bbd7cf30210bdb4d13328903f90db58bf92a1802b713fe99056abcc3e4091d26afe830794587b9b277987cb503b351c963eb988e9783b6694fb980c98837c8680a33ce6ed3923b5525ae55f4e8e90aaaeb29796cd3154f992f1022e04d22f02953a333f66cb48ef9d9468dda655122d9bc677c472978a331667f5357077e81cdf308dbfdcb3c8980d3c25a59666b30a6d867e2faa5fab6ed9766e3e8d4298c23fa376c2795820f0000782a49fd3d4e8447eebf82703706ae2096a3ce3105eb30b9502827e3f928d1bdb9b1b2929b1eee2d3bb1b93bb9da6a98bba7d02c839d451c48838d45243adf86aaf6e6a62bc3a5de72d2492cdca43eb170fba6d014c1fcabd8bad33dfae7dc1a75a4d10f84dc753756adb3051567c61b7dc2ef7befdec65ae36a62440b46d533a2cfc40bf302f3326252ff60e2c58e4fc8caadd98cb112b62db2051080dedc46b0a63c561e1e8e94bbca5479b33d37dd5bd6304924576f6b2125c4938ad5ed839d582dac7676b778934cd4798dc780b252a644badcbbd98e1189d0a89968e4b7cd2034c46f8a0ab657e367ce20b859183d9df5d431da0cfc57e7a248e6058b1aca622e321aaa8db5209ca2793994991be5f049ac282131c0427c4a9afd177dcb108b702116818936aad80513eb2d83a13a559bcd76a6e180b0befdae766a6ecae6ce21947dcca06c96aa5336378646f04ac32a7224bc702d21e82b8b57daafdcbefd4a3bed5f83cf3e5b54c05afb91a4ff1cec9ff3ec585d5eb5b05c28e7729181ae016a602df04f27cb0c1e4a97b9b89803396a70073c03c8aa4286936432da411e15aa349f0506940134ac03c9b520e99fae24cb2e868ca6abbe7634c772d410c1fed269116d0dc9fff3130bee6c9d396af80c33a7398cd4e2a00795bd1ebc2ba4b365309bc441e75b27d659f852eb489e7966b63c008fe341ecd9a3bfded07fc348eb15d3588e4b63392e8db7bea789a522ad109304fcd32386441c36797fd8e4fde8efdb4486c685a324c9a12954874d49318c29c4eae8589e1659eff204d2269aeebdd6a43a0dc1ce70ef59cd2fd813c4bbd774eacdda19d2f0e9cd8a90eceb6f7af73ec36b419727a872abef218a2ede7583c7c1d359ee5a78fd52de194642b6666de8bfd79dbb66e4f2db2fa1627541fae4bfafbd707172f3b9d4be561b61ecd43bf4f5088bedd066ee82398534336c2e0a5bf0ef6418868c4208ba4d6cb8ccbfcea61189fcd51a79024ebd59eac74906900eadc2b402332c8c65d08d05319888c1282e8e4661220a23e46e042622302dc3f7476174f2d4774a56d5558e4690848daede2859d1b21cc59e447c85c72b8a9f2fe1744899e551d1b75c5c550f8424b807b9ed444fce19ff21d6968dd1d98e5374fa8f83285458f22211bda8f10c23623287a69b294cf38d94362dbe0987a7df61264dbd1e5234559b626cbe4c2894f1da99daf30c8b73ab7882718795a931f4bb94e088fa3d2195a7ef67ac82c4bff7251c01ca58ec02bd49d2ac34a27b0afdb29ef44912f573bcd796b288645c90667d031a9784b197f86bc08ffadc8b71ea87593fd489714f87297b9f9d4a5ba10f2b26433ee81d407f87bd30bcdc2b38960b2b99b560a569541b4548c919e8c068c1c160ad954c531926cb286d9063bf03a77f4af534c25d1d44d0743b79aafb035ca1e88ba814778355a16b4f5a94442814735a5908e9b7393516092454ae765c5159c96987838c26d0db5cba9da52db2ed649e7ac921b2784e631bc212ea69aac4fa410792d33e4e3832ef1ac247dd82781cf44cc2f34b4139792812f1bbf647f2b02b5fca53f9bce03f9499e8bf5bb896de6bfad849a23295ecac6875532523c94315f4e5bc6b7f05e495fc9b795aa2d1f733fe4395cc84d07f77853cc374b59bd19ccd3d90b13346723685edd6404eaae40f457dc9ed43ed2bfbc2999595c51b6de1ee5472a42364b169f6e11d0b966c1ff4ddb221339cd28aededa309eaa79224daba925977fb685b7e69873bee6f0bd834971a0f389c213dd8b7baf3c3923be24ea7136984ab0ac2d567390748817eb08de04a08773d063761f315fc5849058eb0606f7f3836e1dd65dfdb7d98bdb66e2c191c34379c10a4e05ab1f6872b463db6fb7005d5ac9b460667c558cee64c0635f0a6c5ce651846a8cfe2788f4031dfa1fb638adbce728acfe9f4296cf1fceed29601df5db67031911cefcc2ccbc68b61857e6b7c625d4e70c7f511c986dd787480c5b1f6e857edd98e64e7ba2b972497f446b27d8fe73bc23d8bd17cc054a2b35ed00536983bac9393a8c7b2e0ba3718bb4f9ea03fd59ef90c7f6d6b5653b29dbae40ebaeead04e5d87d1579a29dfe54a59dcf7ca6c25f3b632335d953de18d1164599338695f498d291fa14db327ccbc7722baf58e8cc65521e91a3694ee07921331a5db66ae58adc584ae4792407f5d8349ba047efb973edde95094e5455c1aed945a7263051cf45175fb43518b7aa3a1acf32ead5873815cdf25e639fe711abb7f731b819092a1df0f692a2867779ad74e661f744f1d3520bad0f1a31f7f5d1c495dc99872bee09a9f8e98ad44ad04608b839887f51e80822e20f79a3aa5be63a2f1e59b475d01719bb70b4b021c3cb6444b9db32cb32899eb02c858aa9c4f23cf5336304c73a0b9d6bdf3732be776d2e958279d6c2d088cfb1b573f2f948cfe27862bc379aebc5f37d19eaf3d568be27411edc40e263f30c3e92dcafaafed424dc54f200bfe3a0dd6ecdef8fe0c00c3d7b2032613da45f5bdf9d3dd14897ad35f63287ed8e8315f41d268fa63903fd34fa5e247ba01299d0ad872afab533b28eb6ee716e4471b85d3388a019c3415ded73d4f66bd94585d468312a08167b2c57e88f1c3a945e71d5927124e6dcca2c5d12ef49382806f8bce9056d6e51961cbe80d72e59d90387c627d6b465c62fe853c7577a323d211cb7d106dfa276225a1e01abc05623fbe393603d5c023240831b400e2c85e79c28e41024fd0bf0e1973c588d27b91f6c84e7953249e6e0e0eeccfa8325d73a17e52aef97f33cdd17c1891b23a5fd7d13914d70d3fe5204467060b0452c47de0f4673dba7270cdc219174faa5edd3836668eb8bafe0084623a4f127640741a930c81caca017b8d61fac0097825e2149e5fd15f296d7c95bfa4afb2bf83d08d51168a35b5ea493e5d38c9441afca29cf6ccfd56d877f2e0ea3efb4300cf4c39f1e86c171e615b5d3665da9d9a30bcfeb0d0f68822d15b93bbfaa27105fbe7b65f9b2b1507b3a1089fbdcded8c24ddd814ed723a2f8f850bf3febb70df504727e5bbeb7f3d6b8be72496e282e333ff2ba1d393d5f2efa6c92e051349de228576a209659dc1374a77a2399b190add3171ff6b807739de56e3fc7eaf777f5abc1b4b3ab4709266a5786905ee44fbbe311598f90fdedd473d48d88539bfcea7046c323180022dc5c924140cd78ec877313b15d9ebdecdeba737fb0755320aa91b31fae34ead43dfaaddc1971e5d4d93dfad48dbce2773a1023ee1f8897b3acc195b93a77ce6fe91a5a5f74533f431398c1b3180e94977576d40ed5af5bf9725b26b1f09c4134832fa69e8314fb2ef1e6970cea75c37f459d03a88b020843df31afb287f4ebc7cd7d9ad8c9ee7ba4e22d918f50777ccf63ba709cd6f6fe1637fb1f58d9e7aab7d8e593595bac2b1f8de5bba2cd36533a67e1280afd3ad1160a65dbc22113ff1723fcf780f3710bc744508077e05ddda8896e1087c791bc21c049bcb71bfb9ff70476a9f5913007c2d8dd4db6d4b6d668f1503716497a8e01e86f7aa87987db4d5dcc6b01b73ba05ad9efce1e85638ca0f98813c16affe273a2a565383a6adf9b6328623fe4048ec63db638b5876bbfd664a3c7e0f7a8c72d71059b8e09ca2ed2ab7a5cc12ea30773e2fdf7b3dbd56c47f3dd266dd3bf421c7c1c5c4d68bb2f8e4fefcd8fa878e50a8071c4c39d82fdf0d844e4f0e0c4485fb6b827bbd7d3825dd3bbdbf99341f41f23d83386287d6c623072b832f30bb3fcb767a1fbd9d798780ce7a1bbeebaa57f853ae6c01dece98d2cce70b2cfe1f2cb7cb137b6a83131bcf1b8a7784161f9b9babfbbb3531f5a53709e7972ccbea67409fd5bd49defef0ca4bc6262c186019312af47d86a37f70627d42627b08380fde1f444c213d9534790e14fc57c80a0c69eb63f5c69a9d1e23d3d0b369abdc73ce07a3ca00ed4d5be81f8b24c1d09de78d45bbca87b784361c6fc5f8ebb74f0b42e91cea0b9bf14adde9f47bd71a0f5dbccf6e284b7e37dda485eb10ade7be489f87d86dcd992ed45f6de83c42f367e5f5dd0fcf34eca3eeaf3d9b5d794d7ee591e4bafdab766c5d5cb9377cac905f9b6051927febbe65cfaadc57b3674a457ed5ab678f7faf6ecca5dcb33cb7a43819e65ed6de33dc10b706b2bf06deab3a8b5585ebec4b0f6740918fd2e222f3b810b0bcb4257679861fd7b947d0d911907ac4db78acc6e435e6e566d959a71eddc591c8a8db1385d6a1ebd6081afbd2de3a913206b772b315ff7c5234da9b9dc9119cf24bab1d4bc6c626dceea083a6b2759bc7b97b3b2d4349e9e68880a5d9d6baf225273aee7f18ebc213523da832f10dd6a9cec9788f9808c452cc92754d31331d915dae3dadbf405feb66aec66b0a5856aa5f9f95fe0013408ce4837055f4082326b1165972aa315d8dd3ab7f4b654dc618fba7924d97d57d5ed3ccbb1a29e09d61e984971cbc2198f85b170760feac522ea69388d7a310a6e3338db20dc783cd21e6997bc93f0dc5210486dfb5f2fbc59a00a7d07bc836c7242d8ff94fa1d9552dd07d86b5bf71a6f9fb9d9b8942cb4edaf180999927d072ae4bbaab09f38df10bf5059f701738c8d0060b2e578fbdcbeb63ea41ad62f99191a04c2c87462f4fcdec8703e2c7134cb334230d397ec58d8b670f9683632b8be18ea4efb44167dc272ee4467b898cb8dae186da3afcb2dead04559963c2e9b4362154d8ea503518f2753ea4d8fe4dc56c926a04f5489b529b6ac2f14d7dd49928d2a8ef0f510fb795004e7915107f1701a8fbae290c5f0eef4bd5ef15ec7eedca77863964e91041fd5df3efd7da22fb9c2bb1de97b2b5e47c921de5b71ece6739f32d525e2c4c88db6e84baab94ecf7061b89bf66242f3f0214e7087a2f2451bd788a228ade64c3de20e7425de1169f3a5388663295a71eba28563b65d00537a30a0ff0d6b611906fdfa1b3d10d46bff5628ca8ca8119a7e9ac227c1e4cdac47d6b8a13005313f55e3563abbc7b327f270435d6a6cdd31b2829815a4c8c32d8a526341e7ce648e73cfb0c651377ae39ac7c676edec1e5e5f707348c6727a15ae7f305aced6996d43312a12e6095771c694e56adf5cb6bcb30356ead7a84f61ea5b48237082b4b963598b2261e9b6638ea8258ad6d62d25918f44a336df1edb5eb0c75824a0b7d3a7630da8b163b9f1b9b14410874a8842e2076d5ab1909637d38845859d7ed942338fd282331608c45d02fd18cb5a9580d31dd038fa0045df4659143febc4a9d4655bcd6e91781cb36081bf9354c982c60cf7e64287037e9eb77034ee07d26c2e43fd881ada2c96411e396ab1089e4978fbf1a83b62753b27e11d25497007f6b8acf21eeb35f4fbcd456fe6166c637e0a2db5f48679ca4cd8d2df4f37b733f737b633c33574aecd139421b3fa151eda433e1dc95ccc41ea168a5383ba1e92214bc93691b1d884c3945b764a0cc54b626d1f05efe405840cd1a1e09503d02748c4aa082490a9e7279a38c65969a90c467f3c650854c7ac74095deba3be1f4f352d464680285c5f0f08ad3dc44c99f19fb5c3f8d94c04ae646f9ef9ecebc8b377cc7af68e333c7b65fbe0405b6e7020573bce26fb73d9fe01f4ec2aa0a070ea8ff015f602b4c065419244e4b049ff6a651c61f9d5e7717a39365922d758007ff5f9d665984e35e25c672eccf0711e9fc614d078155a5cf1803feeb2d8adde4c389cd5ad563d1b0e67bc56b8af1edb423f2a6912cb21127977309af38ba23f178d767845d1db81313b7d6a1a3ec45c485a386048106e6a0788001735f888a8b4a1f6be0fa0c62ad5bafcf008be59f2e38c023e7c7f86e8dd73a6461fe265bfcbed5738a8728e44c01f73f056ab3b110ca43c56ab27150826dc56d88b7727d1e817754a52049645aafb7b91605a17453d1d0c66bc82e0cd20ba5e0a8f51796a019041c4d85fc68bd30c2079e2f04831e27405ef086f58158c8122a990f29a5abb4043ffe0172c362b0bff940e8553a910a7fa4e9d42d2d412f4dc298aa7af411cec93009efa53ed6e069cd2810db493d103bcf04b0607e21baf2a89405004ca430b250647d7fba6eae6ea96b7ba19a0a8ef2d50354da5bfa1a8b597e291503c168b60ecdf415f46fd1dbbaf953efca965ca32441f5345421ffe12b9c6f431559c411f75396dd61db78bba89533c9aa6cb9c4770463d7ad46985b55b67dceb4ad1b7d409047ebb5eaa1566de5314b27e9d7a87e2980ce2222384c37bc449ca7714a8923809171d0d6c45e43d3a7a728a643dc25a8d540ae04f8e55c84798a1fba6664417f21c671815fa93a62e4071822be271475ce23b0e8f9dc5c90c601b23a9ba86933979ad98d1f1a2409f7f50646c215df5aa12f724c55210d30a6ee3838843dccf64d12ab4de98c159ca8794f6902a2200ba438b6fcdaa93d07998db0e70dcc9aba8b9d5ba7317b36b87564255385ce7480555d271a088efd546c39ba93ce6683ef1cbd2f773828d3fb90db12f8eb3da2cd03ea32f9aaee9118dfb159aaaec121c4381f3076a3ed54afd9a74caa3eaaac83d55efd47b3758551fee99f7d43bf015268db03fd4c0bee36894607fec68c0c89971f2196c7fc3d83f2261e48f21e49bd93272cf9c01f7758d18be223823ba27ecb2fc4c71492ccd08963f890e8f5fd3c32aaf933586475ce4a28f08942de8513daac47c9ab71aab0d6adf9d08f3eda87d79b0b68e79ed44484548171dda242c3d12df9955ff40923916099554a7f0817a98501ca538ae51122aa80ea7fec1cce3586c259806debbcf88f776d62a72271f654524a15845f6b59faa2eb48a7082055a58bbe6d3f490c63dc9a34fc770963f5ec6d9fe149efae347ad500e7b54b72cb2ff8d66686cb2e0dfdb8b93399a34cf7a10d6bb8d5e45f1b14c1e5594c48071dc08a6a029d28f4724b114308f1b69a198ff0ca94b5666fca0484b218f46489d666988037eea948e5a968712f1b32612219808c24400c6fd30e183092fc48e280fcc92a0592da2c0d55d64ef984cadbea80b029cc51e64cdf89aac197f93357db059d3079b355daf599c0adf1ed2f1977411ff16551c646ba4257ff1287aa66a665368b9ff9499a6fccd92157de3732a5431298c1e8d6fc82a9390374efd30a8c174054ee5aab9ee7a9665ec190386a3d00cae354965f478053d82c3cfa81f0f3237b1fcd52729fdf221c198a40a1e0e06e94bbcc8bdfb092b5937e248afdbc7fe8ce2190e8dcea709fd74c17dd4f23acf44f4031f3c46c867123a8e063ec05e6ff24c83844c9ee940d3167fd4e099ecd9e6ed3e7c9e1612ddf943764d6029d6ca3f4a8bb25b717a6dcc249aa134c55979eada753c25b855bbd326b0bb2183b80bd206510b0b88afdc441d402d1ca8b7f0a192409af85ee06fd98fcc685f49c00d7caf423e382b476fb4ee268b4a8ebd22ad632062168f31569b4b71796556c58a2585ed1b6fafe169ab5345f705e66a484148312c8b305aa03e026f62bd08a32eb44cde8aee04d0bafc22fb4b34498f029c45f22eea3bd4fd08e79ce5388923d982f49047d83741b7192105f414f64829b6b5850b0baf15687fc15fc846abda2475cbd16cd562285b46e821ec9c369c530eb9102edc5fa06d466d2d5aade0fac72dd96ac5622a5df5c04163959f919714a747230e3a920bae6926ef27762fea11c44bdb46d7b5aff9f0d6ee9eed1f5d33766d9b62b58b569fe8db38d2b96e28ba6767b0bf3329292eab28d11b234189f778d4ee1d775f78c9a72b83b1b83de68c84145e8924cb572ebde316ab4de105c96de0e205eab704172740fd7a33b99e24b8b90be16e8cfd19f0d733d3dab01f57725a8193adda6c2a53d527a99b0fab7b5bd2e15595930427928dad56501d9da956eab56667a66d5133b966be60373526a8b5df9e526c36e554289d0af97c70872ab00f04c3afbba3c158ed65bbc361a7be117606519bb75055ea55f64dd4e647cd3e4c515364bc1fab5f439d5c7fddbcfe1635c9fe0a5d3fd1e8f318b97ed2bcfe36fd1afb06ba7e8a5cdf899ef706b9feefe47a0bf54ddacffe1bbafe8659ff39a4c7629c3d0dc84e04ea12fa03ec6f800351d4854626cc40cc091e831f036d4080773c126b0f84d96a1ad1c7318f5c0d6382fa96e936987e71ba6aa4dc3b812aa511027135b47e844b61b95a091352f229df6a381066ed0770389b39f8eade179713e7df0bd1d4c79d5deb8647d6155d8eaeb52323eb8baeffe5b28bbd4bd72422eb078e7c29bff5b62d5ffaeab6fea50e1be25accb691cb56b675acded9bfe072fcf7b2da8712ba23d11b553cffa3bafdbe2b879e7fe2f1ab73490b67b13b110e36211c7c90e0e0194237e3684e0d211c2c352ccb5f032370f3f1442151b0f926e1ad251bb0c9dd72b767f0f0888fcde289e5310d768d186b4448467ee06962c822d5b383872be6178eb39e86d9ae1140dd107253e93cdddbd34d122c1a161d8adc31b5663cd9ea738d6450c0d8196a5bbe7378647bc0ae59698fe893c470ba2b385cf6a4bafd89f27022b9684b9fbf379f10058b5bf288ce851d7dbd9e743190583194a48f0e9ebf20ec572c76c5ad2e5611ef9785e11e5f3ae493d454efcabe9e757d018bec1004b773899d1583bd295f2aec459ff5ad40b86310ee3610dcfd0ba1a74d08770f127afd26a127937f811848822564b75aa21a0fe244c068521dd51ae6e64e6d70dae0b8896a655605bd5e83ccbc33a798a73c3cdd4d3dcf4231a4eb01856316d57e3e4259d480ae8745c84281b222e6ec0ea902b5f1b2e7a93fda152b05599e3b7a98b570146d516dd4abbc95a12846e0feaef66d40d7b9ad995bfe03c48ee503a9ee27e0269c5d1ede8e349876c46eed40f4a5aadf29c262d192accab8e5dd55cb358d732a498a79343d107331327368be62aa5a0145e8a6d157e464b582bf74dcd28d38ee3533dcc48d6cf3750ed3c84b1932b3cdbb9ad9e64991badf112f8e2c6bffaeecf5d927cbdb1744ecbe8c373290d1bf6ef3b7c7375d18c9f86c792dd197b9e2c6502ee6a00f271616533e9b43a79ed01dfeee959d81ee5c5ce422c5c570d015d3a56f69e1b6dae3815c50fe893d98c5a36a725e926d7d91996d1d7108007cf0fca3566fd58631e0ab72d7981678d475aca1dabc88a7e27e72be6a85bb66ee8ceb0d0bb5915a92fa6dcf6577ef7cc0eef7db8f5df6898b0a77f987362fd9ba756cd37088b9fcb24fed2ca2663fae3b7a77dcb9adffd272e6e44f624baf20bc9fac05a0dd3c11c097c6bc5fb1926ceb55f35051a39de97a3bc948218da2b108a829d4cee621a2f5c6a79b8d6f9e207ada79aa46ca72577db8d0e0104d7c33b697d7ae93517fe0cd2c1257b0c1b5f6c377d06f527c07b62392a4b14863e78dbef1b24791dd32ff8c45d2ed8a6ee77ece2b1eb2f693b5038c828a712e6f40d627e11692bd1c11a5d4c3b2825e8dc53a85ea206653ce6a67237c01ff100160da4c5d2ea3ca31bd5a41d507856a057fe178a7b35ae96c462de09f33642eef8d9fed504bea556c6fb6c406d7f50f6d2bc592635bfb4223beaf08028d261e1439d9ced91203c30b42db3e7969efe0e5fb3777ac5dd8a670ec465193184fc0d3b6e2f2e1c597971376fb642c263b458e15345bed59a43cb865cbe0fb0e6cbde0beab4614b7379134577db482824e032b386739c209ce590e7112c6363484256bbc6a9e31398b0b6d271b314e9a04f035d0862adba478b579a8e46cae543f57b2e9073b7b16736aca086191f9daf738c5efd042d8d519d21cd846d451ff8c7a1d218cc6322b5c553b562f537fac976adf831df5b2d1672c25206ed466cc4600b7000128486e311dafd3a43be60dfd0c1931a13ebb45cd7634df4dde47a410242390ecd047baa2c263f07ceccf42d8c10739622c290db4e240a1e9629134e1b41a2dd9a1cdf56feed31e1d4d57368d1601f47e9bcfe74f686ced5d563134028bec77a256b36f719233e0f1f824c6229e8448f6a27ec2e2339e050e5e5afb6c7da6516f35b079022ec73708952ab6da33b55b6509985c044957c067e4253fcc43dc4d05b851e361d5768d91977c7a8af40cdd3c6e8388495c53cf4b0e5bce2e68494f0e3dd045e638e60477c9fe7ab3d91f9c447ab8473567fe8fcce6917610a90e0c1b99900f77783131c7f1b10488a6e3bd982de53d221dcae052686f338ac0484c3e5d54a60df4f7ce55b3352779932a1a16fb788b97be9ea49b64ee341cdaaff18a17a93c76fe97d08ad894e2b65be12b10f28aeec21e889063dc13f12adcb3f4f778cde5d556080ec94afd14750efd43482f9dfc3a8d3d2f0cc7a0f2371af75ff2b9d023d493bfa36c9a4fe65849b561bb8b21cf82056023c184d83d09cf3bb220e37c0c9e8b96e901343072de1bc3d4e59d457f2f9a2838adce6c0aacfb29ce70eaa1839c7ad8d3244dea0d2b92bb529a5fd7e517948403a99bbc1dcd63ddce87d401a7dfe5143f2f077c5e15091bb2cfa5e0f9fd9ea48a2caf8675785b70497bcffa4c6d6b3d588d7a59777176afa3f6420029501ddd8bc3f02b759a25123a91e0810ce2f5b55731d7de3b8e5a5c784dbbe568b8daf07ed7d75e1759be90ec19ae9eeeffae8bdba76dd1f5776cb975cb917fc4bf1ffca74fcc96c1994b2f44d2f4d43f6fbf07fd7e7a96d04de404a25d90d308379aa711e219a482205aa004a026aaf834c1aa0b6b5852ab1e365dd7c338240f922304ab957aadb36726ef9e798420756372d9254b375aec388247e67dea97fd5d63cb3abd7705731dee35ab52dd318d39b9f0d2a5e9da6f1aa4f7b2d7c9d853032b7a93dd3a5f7bcf95ec417d31b50472b61df1001fcd8f827eb4d01ecd0646552c5de881fc6815a8d0d835f9bafaa6caaaaa6761358229ad1e5961c608238110ad32486132e4c1605e1d458bcc8cef5a697c2ccac26aa5f9fd7aa66eb4e84ce46604ff9c9eadbb7bc63175245fb791acdd10123fc8486e4d09fa6ddc0ac1136c0b0ce0a5c78530e497ff2994953bcb055d4d0ec49de1806e1bb7b2cfc4d252c8bb6c43b41091a9d70c72142c8f06bae28eda130dc4fd48d7686889f52ec9a647bb1292c59fe80a7dd5ada1b1288834fda28aa54758d719904e60e69ce610f68eeb2aa755834d42c039a74f62ce7a9c0b6ad54ab065f08b738c7c43de2052d606a480b053ac8a19abca7e1bcd2ad45e0b4325b1a4cffe83ec91f993fb1acdbe034958b2aa230eace01d7ba60e83432049d4960022886673c08d7e8b2045dd8cd7d1a37e738a8dd6a7d863f58f8eb3fec614234cc5b4969c25f334f520d5b66662d95865553ba7045c1a5a0d3cb9e1547a38eb61559fc319b05be8df97f7ac4d2757ec2ec35fd5d9416da467758fcf575c5584cf365804ea413feca306980a62889e63368f9f161fa39e03154053df05a3f8ecd7ae428bab069b9849c8a361b0c11643373560136be3826c171f3ce15604e9398bcf1b75df23dae0a55ea7d3eb7351175d2139c31e177f23921b85934338ffe105e0518aa777a2b7fa0f4b9e49ea07475adefc7dfce651f4e6e49f79332f5a6afbad9264fde47d9a8d171fe03ccea07683457cdda56a4e9706ff749ea8e94e8dbb82612c96934734dc5f70ea3ae677c00b24a01e96a8c7a867d02b25ea2980399cab375a7419262be6a7b2d59ada74d1ce9edbbfe0557db41cf1ab009e7a80bd9351d8dfa1b1b51fe6c449eab9c3150e60f6020dfb4e3486d471fadfede8dfbbdf0904d8dfb902414fa107e07f4f1a002b67026a88fa6e13e8b526fce274602e65330d780d03573c233cc53dc5fb5ae015cbad4db02a6780cf583f23ac15150324ba05ae33c0a6fc87e0f6330142d9c75be01503e4e573c03f2afd0d7880c0abb3e08d3aa85721f84a13b41eeda126386c67807d08de76de6c802bd302d799f0fdb9c0dd3d03f6cf06cfa56702dda53fd504ef3ffb9ef7ffc8ffa3c0c70c082effbf0fa1f3eb10b634e0ef314412a7c1f94d885204563721568efdba15e21f9b1b128304be6140f2cb4d48fdd080f4550db86e3664e8cccb087e361bb2df6cbb6a2ec8f5cf80afcc0ded8bda9fec68ebf8623e994f767a3a6feefc41e70fbad675dd5c08146e2afc6b710b82c7bbcfedaef6e47b0e1078ebff3df4267bcf998779f82bc0176740ed3f0b7d6d7ddd33e0d2ff301cffeb403f3f075c3b07544f8781ce39e086d361707c0e587b56f8dc59e13773c0dbf3f05f0f86c09065e896a1bb86ee197a63e8cda1b7870102cbb032ac0f478633c35dc35f1e3e32521e5937b2791ee6611ee6611ee6e1bf349c1839b1603182830b3904fb47c5d1c5084e8cbe5bfaf01844b009c1e38b2e597464b1631ee6611ee6611ee6611ee6611ee6611ee6611ee6611ee6611ee6c18435ffc770c79cf06502ff320ff3300ff3300ff3300ff3300ff3300ff3300ff3300ff3300ff3f0ff23907d701d540ce0532570d21785dca1492e1d3bb9a2492e183bf3b059a6418279c22c332d7558a033ffd32c732df779f07ee61db36c016dec8d66d90a22fc47cdb2407dae515f04e7f15f30cb1268e3df36cb363b67a9b7d30e56a03a90b41540ab3b639621e03d05b34c015eff8859a681aedf669699963a2c90f4cf9965aee53e0f86f5af98650b70b93bcdb21528fa2fccb200d735ea8b20a7bf659625e0f2c6ccb28da7bdfd66d90e92a80e0d2063458dd3d83d66d9c0b35136f06c940d3c1b65a6a58e8167a3ccb5dc37f06c940d3c1b6503cf46d9c0b35136f06c940d3c1b659b5d8f0c996503cf5f021150045de8a7804aabc1fbc0a5e01ab01bec453f97816bd1bdc5a8740dd8437e5f8ceebc0f95ae0679f4c918a82088800de8dee5e00af4d95e72b513fddd896abf1ffdde816ada4019952e41777682eb508db5e8693bd13336820f925204ac424ffe207aee3ef2c60a2a5d4e5a12413fbb519d0fa2efd6df1169b4b90b74a352aa71d50fdac9fb2f464fd883ea46d07b2f46efc1cfb8145c65d65df1bfd9fb12b8a8aa36ee7b6786d95112f700af668a8a700745dc656457365973679819e0ca6cce226026c388be68a4985a665ab8a6d69b5a695696288a5aa6a1b96496e45aa969e64285f23de7dc3b0b88bdbd4bdffbbddfcf7b65b8677b9ee7ff3cfff39c73989982523ed4a2561bd86771e149877a0663d03dd29e5cec078a180de51c6841b52aec85e6185939460e2985b5d8a0558df13abd5b0863cdb8c606bd34d86b14d4e7e3ba44221e6c42de61f03803f6eb303c5e8b7b68093de8445ed6e0578ab3c8d997c2f5161c53066c7146cf8d03b55bc10a06465ac00b91180d8391302e1c2af8d1c308d642168f0aeba0b8583320114955413f24ab184a85f064c571b000be1c78d6619bccd817082f03af799ca758a9568c89d569c088d4d85203d662c1718ac751c9851ac4471bf6a005cbd572b1603026d61716cc0a0b4855717c45113371f54e2d7a90a3c3fe3171561aa0468fb5b2322dd8536e0b904613c6c2ce0da76f59db7598358809f91c7391557ae8ab02fd565c32e0583b79cdfa8cd5c2c6d1c0e13262dfe6e09e6e8b3d1121af15e1712cea022807e3b9eb19cdde589a1e4b28c67eb071b3d4d3df4ef619382623fc6c5ccc980d4e8e6a71ac11734d2e34ac8d795c1f0b946672d2ad80828dd00c57945498236806e89be172661e3558a2c2fad59cfe609c5df270ac50cbc3f96ae843a83339e638993f08a484c2eba3996ec53a359889484b812b06ee99f9709ecce3786d72f546cc65236e80fe5acc9dff3bf956fa38e3fecf64dc04b0444d04e259d6876ba78858cc0a23b6cc0a37ca57438910b835d8b768a4fe21f604739c0b81e762cca13ccc22149b62a85581edac8f9d5259993a6c03b220175bcbe63956566b1cb5609e9b3076d60bce7128aae3b10e36d314634fb39eb1baa2edecedcc0b6a2e77a3591e847d80fa99385678e66913f6ab81cb0fac142d57567139598b330a8311b2d6e5603b9c516e19312b3782e58ff9a19a5c1786a03f9509d85541837d6ae5561f767eb27a835c7a5a2260b36821f6931acfa7d67c56c82165f04cd3e139c5cefc877d8fc6b02b4b20f4efd38cc1ad4b676df8577deb393fd8d59de2d6672b8e9cbad93ad912817b556c69d7300f0e20242c1676b7e0cc9566d7ce4383d75e03ce23aa472265b9a76ac62a361f18b9571615fb6cc3f385cd4f1abc8e315c6e61e5a09e3a9cfd1fcd51368b1bb8c8b8a53b6708e3b1abc8c7f98ee1fc8cb2ba37ce975a0e837387e1f472735607e1c8a8f0b38670eeaf5ae6b9963321b0455ed0e23c5d8877140c8e3e8aaa0aea9087f2a087b32d849339b545eeecc3cd5e77b670ef069cd6fc33abd39f5c0d28bf1632129c32287f179ba7411d1b27276bd8dd898e5b45dcecfea315cec9ca47af72287229ae9963f1d88bb0f16659a0e574b119dbc0c53d08633673ab8f735fc1ee8bf2b8383b79ccf2cac4ed77580d46bcef56619c4ea6a808f72adf329ffd05b170794885b123bf315caed7707355cdedb50dd856cf3593c1bb710be62667e3a3630bcf69cdd77988761f0f1f693c4e089ef3e14fcb23dca71a67efd6b35b508bece6f47dcbd13a7c2a605ae076dae5de83b9678d7b2572c63088709eced029cc59d67a30c484cf5f3accb77c8f1596b53a07dba2e5562a9b2b969eb9848d610817710b9e253a970dce79dd9c4b7fdeab9e2b3c8bd273a569ce69b7270ab11ff5ff621c9dab810d9f2e59cf683d2cd0e057a4d3ed9769d043edb17658ff201fb3995f83113857bca1cdb238bb1b9b819f5bdb751bf01ae15c653ccf67ce75a2b59cd27c9405e70a3656391ceed6d75cd523226a76a1b760961ab07476163d7cf2fd5719e05cdfe28868dc9a4cc440290b56cb545c130f751464d15468c9845214d446414d6fe891c6b5f7c691cac2eb501cf4cbc06b1c2b23155e93a03c1ee7b81882c265541a0bfd9340161a1b4d3c83754483b434dc3315cb4e84da04f81dcdf5432322a12603cae839166741565f128c62cf10f1dc9ac85a9a0ef5940b6173abe2b146a76589504a05f9715cab1264c76379c87ea43f063f27b9ec8ce12c55621f21c94866245894804ba836037ea740bf34ac5f8931b3d626610c31d0ce6289c61620cdc11c56b61ff24f26d7826284ec4b80db8d4a897d1087ad71fb2f127ea780e5487e2cb4a6e3152219464661a469d87bd19ccf10da045c72a362231589d120af221f44c17322fcc4ba7c978a5f595b523da435f75d166e77f762f129b9d748ecb9645c62a311894be93856a835888b652ac6d1526b16666234eea5c488d35c0c89c1ec65ad77b293d591ec6109ab0fc5d6d31627aba93f9823ac14677b0617e987fd82bcaec43e4176a5b9343f4a32cccd4d54281daaa01219b5d96831e65aa948a3d96434abac8cd1104c29753a2a95c9cbb75aa854ad456b9ea1d5047bc76973ccda422ad9a435a4179bb45482aad868b3523a631ea3a6d44653b1198da090647a00d50bfd0a0fa252553a533e15a732a88dea02a81d63cc375071368d05e949cf672c94ce534eaed14c8d6672748c5aa5a3388dd0c7084a298bd166566b29646ea1caaca56c068dd64c59f3b554627c3a95c0a8b5068b761865d16a29ad3e47abd16835948eada5345a8bdacc98103cac43a3b5aa189d25d83b52a56372cc0c52a2a2f44690088a54060b883133b954ae4acfe88aa942c69a4f596c39569d96321b413163c803aba0ab55ab8791060d78c06cd09a2dc154bc95cad5aaac36b3d64299b50083b1820eb52588b2e855e058b5ca04cf6888dea6b332261069b0e9b566e869d15ab1000b65321b211cc85c90aed3190ba97cf02ec5e84d2ab595620c9415391b2c832100d200ba8cb9540e938705b38aacda222b0c660ab4c11407b3b785d2ab0cc594da063165ed46fe338097cd2ac062662cc8a55a959eb299901a9098073516662674b71a01d00c0449454104f4ac2ec41e75beca0c8669cdc1a9da3c9b4e6576116ba853f5504488b04c70118ac1a0e0d041cd5c6f35ab345abdca5c8070e098baa899071e37a16ab511e01b18ad2538c1a60e5459fa4018a958b3d168cdb75a4d96a121211aa3da12ac778e0c860121d6629331cfac32e51787a8728068a82bf4d4d9d42a4baed1000e875e6e65169bc9a4638039a82d981a6fb481c78a291b70c88ad88aaa9123d4105aab3688d230161330980da8c9cc40ab1aba68e1b70ac2a835eb19ab15c4e51463544e3e82ab803746b3f3211769087a183bf04063535b83101d67c0d82034c6a900e25398cfa8f33d2c2b04a58c41adb301f9ddd61b0dc09440a60f3b2f3cba83843fb2969d46c07588bbc56a66d42c219d0a300f9db286610f0432a005e604ca2566347334c64283cea8d234f79e8a7515300be040f8d083cd6a8234a0d12298a84fbe56676aee51484cc05db63b0a0883e7493e93c3585182f24e0793738d68b6209339570751392a0bd86a34b852853308811c17b486e042a6803169358c2ad868ce0b41a510e839954b2a7d20bc9816780e2031ad67c1d6b2d731ae4702ea711cb9799a113021d7c05cd24166c3ee6e9e27912b9b654a6fef14141c0b9e3c801b5ca08551406cf08c2688ca3543d643530426621e60463e065f4144613865cc816c67404e51e14cede4d99f47810c52592c4635a342fc80790629cb6055b10995d181670291c46668a9342e551fef832dd2e06cc8c6a1d57e38cfa26a0fba05717443d63b9b750cf094d58d6499d9a50a34e049841006a15ccee4a2df5aec10930d0059f2f18405d1393634792da8926309200c01e0162d4ad14613c366d4479aca4e7850c94e1aced3d888c27ca3fe0f30a26960331bc0182d16a031420ec5b64cd3aaad4e82b9790ce4d73078e20d65290e696c86d663c53518ad68cab0c99ce1a631cb14aec9928fd6831c6db399abf2006a46ea2d562013032172ad3c7fe40034dfe2a2a9b4e498f42c656a34159f46a5a42667c647454751bd956950ee1d4465c5a7c72567a453d0235599943e9e4a8ea19449e3a9b1f149514154f43329a9d1696954722a159f9892101f0d75f14991091951f149b1d4681897940c0b7b3ccc44109a9e4c21859ca8f8e834242c313a35320e8acad1f109f1e9e383a898f8f424243306842aa914656a7a7c64468232954ac9484d494e8b06f5512036293e292615b444274627a5c3929b047554742614a8b43865420256a5cc00eb53b17d91c929e353e363e3d2a9b8e484a868a81c1d0d9629472744b3aa00546482323e31888a52262a63a3f1a86490928abb71d665c545e32ad0a7847f91e9f1c94908466472527a2a148300656aba6b68567c5a7410a54c8d4f430e89494d06f1c89d3022190b817149d1ac14e46aaa5944a00b2a67a445bb6d898a562680ac3434d8b373b0f7e3f7051ebf2ff04ff8f6f1fb027fddfb0252fcf3f8bd81ffcdf706d8e83d7e7fe0f1fb038fdf1f78fcfe40cb6cfef83d82e6ef1138bdf3f87d82c7ef133c7e9fe0ffb9f709606ef2d94fee377526e611ad5d3cee13f9041908bfbfc09fecffa34b20e8269793d0876cf8b3fdbdbd517fdec13fdbbf6d5bd49fbffccff6f7f141fd05f97fb6ff134fa0fe5e83ff6c7f5f5fe82fe0df23d0371404b8bf007e82f1eb13e0e5764457a233e4313f6220d10bbcdf1be212444c84f5379f180e997424e180e82d8298ac84bcb50922b403585d434c20ea8829c4b790d1af42cf0692477a916d491fb8fdc9ae64201940869129640439814c2427c3ab8ecc238da495b491a5e40cb2827c8e7c999c4fae81a72d6425f921b982dc4f6e27ebc86af22c7980bcc21f43dee69b79247f264fc47f99e7cdbfceebc0bf87be81c2ebd71c0f2fe45fc4b30ef06c033c9f009ecf00cf5780e732e0f985c82709c0e30d783a039e5e8047017846019e3180240bf068018f19f0d801cf42c0f30ae0590778b6009e5d80e700e0390678ce019e1fa174873f86c7033c3e80a723e0f1033c3d018f02ec1fd61c8f609a079e4e80e769c03300f028014f32e0990c780a004f31e0f91be0590678d6029e0f01cf41c07312f05c043cf78929a48cd0905d004f6fc013067894802705f04c023c05f0540878e6019e6580672de07907f0ec013c5f029e7ac0730df0fc4e56f244e40a9e2fb99dd79dace6f5270ff086009e38c093057826031e35e0d1019e9980a7ac391ee14f1e78ba009e40c0130e7862004f06e041270f0be071009ec580a70af06c013c0701cf29c07313f0341113c8ae80a70fe0190c7862014f26e0c9013c66c0331bf02c043c2b00cf26c0f301e03900784e019e2b80e737f2399e909ccf6b475600864ac0b0823704f0c4029e34c03315f01800cf6cc053067816009e2580670de079bb391ec94a0f3c4f029e7e806718e0190b7826029e02c0330ff0ac063cdb00cf1ec0530778ae116349119145f620c693a1802719f04c053c709e234b00cf0ac0f306e0d90978f6039e9380e702e0f9859ccc13903af0bf91d793b4f1c2c819bc3180270bf068008f15f094029e85806715e0d90c78de073c0700cf69c0f32de0b90878ae039efb909b24cdf1c8d77be0f1073cc180672ce0c9073cc5806701e07903f0ec033c2700cf65c0738f8826db031e05e0819512704c20ed806715e0791bf0ec063c6701cf8f80a791ecca9392013c3f3285d7979cc01b06781201cf54c0331df0cc013c2b00cf46c0b303f01c003c2700cf05c0f30b59cd27c903fccefc31fc30be991fcb9fc94fe4bfcc4fe75fe74fe1dfe31b01cfb3681d108be09f8f4f6060d42c8743ec458a45f5959537cbcbcb6fa282d0546e87abdc24169262f1cdf232b8a045002d37ed76f8676f56b0e36e83a3ecf69565518371010634a2516292140becdc8545975756555755569623015e5cc34db198144b6b6ad6c3f5ca2b58c0be7debd62d5d5a51810b4565f82ac202b095304822f26811620cb8a9b21ccb166657da23289fca6cb11721163650ece5348e1de4450a4537c545e5e558b2080c294712840252e86542869970bd1875814eb8bfa9bcc16e47fd85c2a2caca6cbb8975190cde7a10f56211131c626488dd8e20575536f385504c0aa53b0ecd870b8b6507731ae0429a8522d61ee8cd2785827a7620182734d9ab699f7a91801009226e46c045e391a8f7f27ca11721f42a2f4f4901b8eec788080ffd849de4c372574f0a892661239f0fa1a8aaaac29ecaaec28e6a10f008313fa21a863d9a2ae04c110abbddce85fd3f4a1551eb54919062d91efb1efb1ab897c25d0e7773ca00312483a31c70810a172f1065c4ee96e1fc7f9332122f5222b27b7246c8720637885da4410dd995375932b949e31cde0a6b24025202ace16823214989cb2fff2c6f1093b756b7e08d5840880511ad1347e8268ed0491c4f0b1e628e84650eb8d2c91c2f1e21c5cc8990480889444cb487bb07dc4aa20423940849891899d8002e6d80792c110f1f8da58f1e8e4a928632142207b4212735d859eeb84b0d7676fe4b2468dc4287831b87063d402fcd7d86f595b16c2a2f435284cea606899494c8abe15a1db13ae2457c57c00d4c9148f7ac5ebd78fefcb973e7e0d2f0d1a5e80255481c361d49904a501b9c614a5df768c8faa4ddddad1c6605b61da55593585c6e92880889e8810f77b96cc78c15799122e809f4599e2f1592523128d9b90fe4ecdb899ad8dc5c6ec24d0281c05a014d1556919014a16cd868b7cf822691681622831d6a8a9a09014bb06f38aad9a55ea414d190f38e9424a56ec7d9451252247f97388c27197b63459c28a7d232560b57bf6f271a2920451cf3f0339a1bd93e3ef5120121f1e2b817416301783c2040b811e58073528f6720a094e4499d09000c27f9a4c0ab1e36070f440f0402522aac840b3b98a320e6a04c803928951052e0a09b8525c0438c5c444a25383e886d8d523114472a5925ca91a8286d74e09097422bf261a3937a8dd86b2e26da71673c7651692937168d6bc2a35bf8148b2a73e6b6325414b91a1ba53252ea5d9d5d9d0db3aa6a31b5985a007719dc582862244b49a09d54369283e2bc94403c2c1ec162e92993b6da6f144154bb1c000c2d2b73604c885cd93e88a252112115bb28eae3c2c4ce012ef282591038999094217e79b254c4b114b7091e4153113ccf46dcb1c3ca32abb998963c95799132ec268ea83292947938f53fc554647a119ea437ff25a6ca489eccc9540faa8a8907e226a0aa0c5355eac5938a291757457c422ee04a32292193ca615789eeee7047d84bec1176f817211391322e5c98b03231940354115855842a0095a50df358ca3ae635607f36da5d9c75971b598f4a4899ac1b916d8f20c05262112bc79e6def46e026b76f9b3cfcdcd2efd82a872bb93a9016379d41ab37296b8bfe67af558155819571957168a9992b9e2b7688b1966a7b15dc957097dbcbe076c05dcadae647a89bf15609653f8273035e1e50ad5cfa88aefe4071576796e2d83aa001e0a481956545321121f320b94f0be06e7123096e230a8c0706c845a45cc2721525ed7d3b9b6d85702b0faea131a8356628b7e941ac8f1a2c43fb5617ed1db35ac87238d87ce14223179272b107f3cbe42429f70c815d2c23c56d3ea8aec579c279e35d905364b32d91ccdd822700defa701380dd78c1e4852400390052823022a2014f8188c1580a2b1030c1b6500ce2a20203c16f9e051f8a92933cb96b8de5e68197c73c908bd03cc0d1a1532a39e73f8089e0ed9c0872192197b521dac09111dd0abbc29e5d5d028911e546b998944b1b6b6b6bf735d6d6d4d4d436ca2550d18d30d9b3896a8f3b1b6aba11c010b9fc0151037bc66a8f6b8fbdc6fe80c0de7f80ca8db8f681bbe201db0f0fef663745b0b20f70c3b3ab4dd5ddecb8d12db3c95341b59c075e685681ecaea93d7cf8f4cdd3a70fd7d6d62065628f0e0fe46d48b94fbd5fbddfcde15f049dd69dd61d4c387c785fc5818a1a798d1c2babafbe59fd45f569b80fc35d0bf7deea9aea3dd5721929f7ee464ce75ce4bcb3aba757830b5887615f61456de48fee6d27ea091a7bb491a8256af05d4ba067b6b4c78e7d343cb7bababec8af8d5078b8482e26e492a6ceeeab855fdc97ca3e8ac0fb9d59b542e1ecdada2333bcc5a4b714359dbd5c83aecb67d91d612eee9f3b1cb7f3e11a9687dbf386a1ed18a8afad8508e50c97a3520990a17656f56c689fdd52604d8d378ff41654574342705ede22d25b821e6a2116374f1f3e5ccbf5f1b8247252d2f66cfd15bab6d98d37832ed1ecd630173fe7625ba42e1c4806da959cae774a445bc2a27dc86df28a22b4a409b3b31bb2d96b3016c589059068ef8cce396a02dd83e0f6835bde7a7567b869c29bc7f3f6201cc02505a497f02629211e489aec5e42d25b7c185d980f838b4e3bc3d50447c9365ea6ad34ba3cfe4e8afe4eccd3e80c79dc73b0857dce44cf4ab32a2788529af586202ab2d8ac0ba262b5c602fc6a8657b3169ed1871283a80495d5f0cff5c63690d80ef8e95e0abfdbb326752fa61ddd6d4249df7971f3ee7993225e95a37b2e54e5f04852d196f6164ab2e7c5915abe80477a11f474a1b49f109ce008e791822a35ada2833c6afcd604d8fd88e1f84ec66fa119f19bdae82dd791e8a6152d040aa8285ec7ed6dc3b655a876db3e8aba7d63cc4bdfdd8d8aef5bbae8fdba2dcb54e3e3ce553964d36887e016ede09fa9e2f3481ecf7700410852bf5bb7a57eddfed5b9f80fcda9482c878094819db315325a22e4670884bebc8c34852ffd042a887da5592a4b3e63c8b31a0d0a1fba0daa14f98a52b51abdd1a05104d07ea846eadba1d5af072802e95ea89defdbcdb35da3a5d2983cfc21d3944825150a20e9804edea10a7a081daa181c3a48113e018aa150547045dafa97d8c7b5f31fd14e3bc81e9e8e02fff31d645b02eaa53c074912db17dc7d857871c2a8b3ab3e18fba379549e2ed1dc6f6a6d9b5d296fbd2a5f28301e6a60debd30357df1a529ddf62dcb9c5c116c928d0b1e9332f3cebb0e86f9ea9badb5e72f9dce5058333fad18e09557ae08f709ebfde4c89eed550907adef94670d8d92eee4fd7a3ee5ee5cd54f5b46ca5317de3af95b52e6df87ec8977fcfd95f0de4b7247ccf9fbb88f77ccb424d75d6d18a57f698b3c765c6cc2888bbb5ffab8cb7b99cff8ccec3d91e9f28bfa6fddbc86ebeedff8b1e1ab2da173379ed9bb7a5264f1d6f14b0ff5385d7799ca1fd3f772edaaefb35499571c6f1e51f7b86ec83186ec77e4dc109c6dcb9b1d3422e3db3cbd6ca9bacfb33fbfb4b9f3ddfc6377c36b6e8ca81bf5a54fe3217ddd5a5f1e1fa6c85a07391d3ca2a77dc197fe4f0be4b45428068a7b7989f87cda1f55b6117414b41ff35697179f736cb2f0724f4f547ff5469b5daa9fd4743a6a7e4290488f5d174fc72afad3fd504064be3ddd0189376b75e813abc9262d1b160b95803ed5abd5283ad2ed51772f5fefd001a143c286f41b38287c607818dd0d497d4ad099ee686f7fb971eab31ff5209eb9684eda7ebbbbf5a9d0cb37dea23351876e82641a1457c557c5ce8be63ee0ad36eb5a7c2bc054c0a0da10eef3f59610b00c380c0c06f24e45e4ed4f87f7a7070543277a821339490a92e8047a8cb34cf3e68de454141616b6a6426bfe43d9565a8e6cf625c926018f265acc5f3e62e38c4b33c759375bf6af7d7f607452f084779567131714bc97b5bec4764ddee7a3ef462cbde7f5f59525e3dbdf58f47ccca667edd5736a4f677fd17348cff261354b14015fee7af183b05ffb0b2f97344c2b2ffee0c28c3e4f07fd72e98dbe354d95f51f2cbcd6a4f5f92e7cfda5134b4e8ea7e5f13b37bfea2539d9e19a62d7f1c9998dabc2165e7efdce884f27f45ed638b76770bb2c6dbb2f05c9bfa55027379e2a7cfeba5590b263e1bec58b92148b7e6c3f3bf6c4eff51def9aa64e38dacddee9f9b4e77e99417cb2f66ed1a4cb3f963d1bb76effe6ab1b3f1209bb7ebfadeec699bdb77ebc97103ee25ac773e335eff4def37c9dcff407bdf76e8e7c7df3f6c3f9f1574cdaa56306ecebd2e6fad5e4b35d264e3f4d3b8426c87ccfb0594faa92a726e08ccd6f99ec4acbff926c124ad36c36e9e36e4f351aa113c496c965d42aab9652daacf94633632d76e53d780da70785d2036936ef85b1c53054fcafe7e57f94017f68a34929cedbbeefc27d0991f0dad2b7ee65e6ff1875fae8fe679237ad9f314b1ffde1f1212fbeb72ee0d75fb58e8b9d8e2dba1fb552fcbd76c991a08cb2ddcf892f04f7dba8ecd7f9fd35630df109051d44dfd61ddb3b3f60fad2cfb7978c7d6f8bf8f4e1f293059d960e5d72a4d7a86b971f0c5c9e75c27f72fcdd77fa069f98fbd1f8510d95eff59b63fdb4dfbbc3622edc8c89dfd32937fd90dfc7fefb3272b2cc0d791f3c4d0dfc76f286f5cba6bc1968fffcc43baf5de26f571f7fa7fdc13d0717f4928e2f115d6b6a73ddde2e2ca1dd864f5227ded970a6fe79595ce1c9b9b1277c3ea8fd7ef34fcf4febef3529bbf6bdbe13573ee53735fa42d7f601c6f0cfba0cb04f9b9fb8765aaeba68c909fae8b26ece0c78013c728ef6114ab8b5bd03290016121ee9afd53cd4c535a03d4f200f901269f8a33491849296a1916d0548cc3cbaad6bee7bd17cf8d52cc39db89bf9d9a2efd74ccac9af1bb1b472e2a9232b3aeffb77331cf016580b64e5b2d0a0fea103fe5319ee11b2ad74e92a643425285d4697be48972e723927984f9796d2239caa786447c52355a58c8dc75fee0a894c490bd1687355369d3538dfaaa7235cc379f4c08050ca9f4820d07f510a7d56692a9182b75ee8d347c5504ae33e75a7757df63098f27f28e74280bb5a6f6425f779765fc7b9453b538ef76894ac7acbf172c3c0a6be412f2f6b77e9e2eea3bb971cbc3070d3d7a53bcf06109f1c0b336eb95452bcacf012efcb9faf9efe3c29e049d59abd139eea7ab36263ceb8e83cf18551c3039634d0733b1d1c12b1e1549b77bbf7b9b47e3553d163c961ebf22bab63236fa5bd55dd96664a1e1c7b9ad21b55c7cf894e7c652682987933468cfb7ac390b843e12abde89bb42e9fbd7152b577f7f9396fb6ad2f7875d9c9e702c76d9d3f66dcba15ba83ef771bd3b50db3e9d4d93db3ebe24d9b77fcfd2373acbad36f1b4eaed930efda469fa857d53bde61e60b0fc4cc9bd979d4f7fbfdbb9f78f657de53fdf72b3fdbed9f70b0e38d6d2b4b1a7b8c8d5f60e8706143c98c897569c58be7ae3a71eceb1196b05f86bf9dfe4e6aecb4eacdbecb8e2d7ce2cc2b7953422b7e0f9f5b77d63677e5df6a2764cdddbbfb1bef4515aff6bffade4f477b1fdf3e85f96d5d4701f946cf3ccbd1c4e41ddf7a65be3cf3de0fa989b70bbd92e7d69e96fdbcf0fa68499df78c0b4f6516f5e835e8934fb7551836fb5f9c7b267640cea27587160f983a3d2062cb72eda11edf8feefef402bffed95f85cf57ceefdbb1ed29d5f0a5f9d9a9374ec6be52658ff8a94369e1c895f5699dbba6f80f5ef66a40ee00dfde433a15fd6dd091a49aa9efdc19119bb6a3fed2d732d588bea75e0c3a123e6164c468c5ba6e3ee2bd992b77f79c3c8eb76a5af1b14ec7cfec59ba50f4ecd3d3a3de144ebbfc65edb9a756bc64dbaf7074606847072d6cfe69a0ed7f395d3f72abef7182a82add8ad20e4764095f21f73ca28025ee924cd186f66ced4087b8070a143d0454405f9fad3903b7d34bc2066c5b31493bf7c28dfbf677dee7db663e1fe057fa76d11a3aca63b85c31881e58d5dedeeee1af48acf6b377757e33b3f0a139dd6205123848e2ad0ed78bae74e6ff5e1b79a474cd139fdcdf7567cdd225196be3564cd973bd28a6443cf2b5efdb159efb7c5b864639f3daf4cf4223a77d35ea362fd1bbe77d61e2935e4175fed9d36f7f647b66bc22f6d3a4d0e439e1d4b637dbf90b43d75d7861fdee913b27b7ab634ef5df31ebd8134fd56d0c6a2a293b37e4c284d8a4fe933fec3be787c691db0e2ee4895edbb4eca748f3b44901b747ede819f8fb8cc2d371db44514f5c495af0bcc977ded62f4ee9df129d14cc8bbc7f3173e39bc75757480f857cf64db078d8aae96d927fdf75cfeafb82e27851c4be959a331b8b0e75ce256ef5d07dd224af2b99b4e373794ca72995f3cfe6f54c2bf87485df9353a7bcada96b7be7c3ccd335d5c6c2fa533bf302eeae76b4fb9976b4bbee722f9f4f2a1cedbe81baaf9a9d4ddb7d0a55b53c92fff0d9d441660865ce70fac0f1d44146816f23a06138f099135d365eca275b3987a69c5b241c7435e0cdd259e79af667921df6f0d515ef8465f6ad5939863face7a49779425563f7ce7be33afb86d2709683d31c7a51d0c18a418327d0023b8fbc5d55fae5bad23abaf4c85f326bfad0bdd9b384c797643dce102936588f8c542aa3362a7ad13dd9aefee9f92af40dc5f4b4342a3a2d69e8e021e1cafed103c206f55784c361f469fa297622fab945a6337a6dff34ab4a6fa2d2d86fde5639da44c13ef40e9cc0bf719fc0c96c1175f3c5b8339f5c45d392cc6eb9299df597388143c6f7f56fd5e216e76f8562a062088a167bfe1ea85070c5ffef62f40f37b6ef29ec7e5fdcaa3dfc73ea80919217ee84ad9bf0f9ba9ffb8fd626bc7065dff387b7bf7feaf57edad78f9c9fb2abcb27ed2a93cf7b45adbbf0f494aded1666ceff3ae8e32b7c5ea715b5dd5faf1c57d7e1e853273e7b7ef889cd87d2ed965f126eeb434f1a7e1b66b6f7555d3cf0e3cece2beef7b5060cfe7d69c4d581d612d9fd927dbd5e3924cdee1e70896c17c774505d097969d3871bf463bd7a9416a7cca20f2f8e5f77e9e79c2f067e50f066fee6c99284ea23015b2b37648746154cbabfafa9cda477e70e9b5ebefc85a5312fe96bb75c3de44858b275fdfb833b2fd911f3d2fdefafaf37bef8e3abbbc3ae9dea583560efc5392f9c172fbff0da136f5ee21fff38b3f2b5da172c3fa46c7a43f9e4b96f067fe83ada3f091ee9e4b18d7de3d58086f73776aa5ff19d2d54629bf5c5d54fbaa99bef46d543272d5054fe12f9ecac9827f70fc89f30579ff1efee46217e10bd666762c57f6a37fa08d92dcfdbadfc7143dcda21bcc3c0e5e257877a6d989f624beead3ad5e946cff58191f7ae9ca9bad4f658c7d7be3d3f72323f63f68b9f5dee73527972b07aeb93837aa8937a9c7d415db0235c7ca67ec9f40e4d3b3ebbb5c4d424f4fdf6c0adf27e778e2e334efc5ba79dfd575ddf7febd71b5ff4fafdf6dbbd0c9d3f1c1b259eb7f6ec5307c27f18f3da285e45b0fe6eefab47eec9164c548fb9d53491bfdce7a36fec8bde7cfd1a69df7952d4c3bf47eefc91facfe6af9ff3699f17f23eee5f56f0cc80e553250ffa1e55cfe978ebc1a8d237d6f57abedbe2235586f92b2e7867b7572cb06f34fef455daa99f0a774e5ffcd5c0ed1b6b03c2c9d7bb9e3e9fdc3e4c982ec8ed75f1dacf53253716c4b4af4be8a9ff9c3936c712e59bb063e3075fc2217c3a24bff1ce43b8a4b42f3e84f3fe070ee18a50c580416161ce43381407a2e27f3935ffa34cb5c9df7b57e1130b8652d71a7d5fbef35b09b3b4c09aee7362bd9470ccfdfdfaacfcb14153f7d75c52ed9df1fec8dc7e136f7648eb2d5074533ed97599ff1189efc2592a7afc363aaaedcfd9e565e991f253893b078bdf1dfdcd92b74e5ae8ac5e8eb5d1de5ffc7827b6f4f3dd3db3439fc98eb9f54cecbcd0b200ab2a6ff1d4d2f46d479724bcb867df86c9752a5f43606dd75fe7d93f3aa76a8cd9d3dbbf675e3b73d7ee0bb68cd5cc4fc9d936f97e61b71137b36c6f7dbc607462c4b8bab62b8523f34aeee456f35f8a9a7de38bb1f70d97567cba6de3ad997da58a9b6792848b77948bc3be2ff2dbfac32b9f0fbf1212f5e11bb7cf6a3e5e47eea1244b8a3e6fdc557d286af2948e2b49afe41e89ce4c75193c72fe0f8fe0ada6a6c747f06647f02a7c044730ff874ee1a2cbe5e3bccfd7d62f1f553a9d3f62d5dad5dd8def5edd70f88ee293a35ee7373df82d4bdf857e77effedc43d3ceddb972b3e8e3031b5f7bfac2afbbae17a46789fb8d7344b5fbfd83b48ac3b7b3db2d9871382242f9ead9499d9a26fd3aa553d8f29e9963ad3746fb1cdcb2bba4b6e456f8731346f9dd7aa578cce25462cbe0b69dee8414976abfdab4bde0e28123773f9d4918c7d2513d7b0c3f7a9dbffea545e3fbecda715ff09de9f5d031bdef676c0979b0e3d2c2011fe54c5df17556c40f3f1f7925b7b2a2695a4ec937fbc7c816f73a3fe45a9731d3d5ab9eedaeaf59b976cdf0df4a9e7b695a65d106fdb1ef56feeaff7ff6c7e2c6942fc796724d6b5bb2779ed43a16a7e61d5b1b662b59286c557d9af2e6fb97fd75c991aafc557a96e1658b0a57b175f1778aed4a5c2e787ad60d3ef7590d472f9c5d7ee17d6df38787d6859cf7634b66287124deda102097bff7e34386fbcf0dd9974cb6fa9eea5ef1e2c70a8fd5dfef15d52566e797af6c3cbd9c738de5ee37c74edf68da527456f6cb8e5646b986dfd29d5a21969ba26f9de00d9d59d55e6ccdf16c86eeabde07c67a429a5f0fe887a82b7e3fb1c6ef96c68e8d2b6f4fdbb4dc69d1c9f3928ebe0fda7e6acd5a2c98667079778991f7fde4eaaf33bbf4a58f2bae8fdcbaee8e8bcdf480c2eb0b2f1d0d7d9c792ffce0c57b0607fe9e79e6fb9b777facffcbb9729216fa7bce47b0eabde75d10607aeb3da7baccd5cd75a6721cbb6e99ddbe1cdf7fafa4c353686113d3258326266b702ffccfc2e1d9ad58a4cc05f41e3b1bab361f339314b328c36fa34925a5dd2e774e4cd76a0f17bdd9b0f2e685450b1a9b0d1a1b96d40d709d8594475959199858199eaeeb88325092e087f7058d8ccd0d4da26002860650018372600103ef78b2301aea034b272ea801a0d29c0b48303189f131014b6076305bf01344c1fa9bb7400acc90b43381864ee04318a09e2cd3022e030e903666f6850a0b616cc6b605684e666e6c64a85bfbd99881337149d3ce9f5733eede54aa9abeee14cb3ee6178f3f3c662ee3556961495d5278327ac3e6a3b33fc6d8155a2a4b958b565fd479fec96ba60407fb937bd1d5759ade758f7fbd77e93350d8e5f16b8550e37fe16dd6f778e7f11eaa605d737669c59144332f4d9fd7ceabfcd73cbf6ae3bffb87e4fb0b939eb48917dc7ab55a6aaaa36113332fb00fc9094ed5930736467176619147969a18bd0ca49087967851c61730468f1ad2a3df49253e5a9d13d7f923f7eac9dbea86e2fbdf7fca5ef75ffe469e76f1d54c83c65f480630e91b36be32687c6ed0f8c4a0712f8b0293d0e2bd8b8bf5a647bb2e5f2ff74afb54ddd44bfffb63c4391fc5797c5fb12175a741e38c419015b0071cd0f3ce92563169ecaf9ecaadbaf7f3d5c4c7faf5533fef0d8f9fe5fdefd4d5b67fd7ff18a0d573a0412f3e47e50d492a25f97ff6cfdcd266ec19a45219f86a47a28d5ed861ee4cf56d53fcce9d3f55ee1577ef59447cd8bf10d76ded5f825dd62c52be26bf4561d20cf7a06d8ddb4e74c7fa6fff1fb4ba91c72f80f7b642aa61fef97d2d4baddfbf8a6f71bdfb5a457f51b767a1f7ce37073b8f0834fffc5fa97f36eb6cf843fda7aa97263e98f7af3c44f4ee1adeab7f56569dabafdfd3bd5d5c4b614eb444d7e35f4db9bfe5b85b2596ccbab84cea93dd12fd6b7c4fa3276616df50e49858fe7bcdcf3a87b409817b8afdf7adf918263073fada4d4fb3affbfd66648b592393f780c176dba79586f78ccbf731dff2e05bf54dd175f33f8e5f5bd9b60476de4f915d78a289a5a068f687ab93dc4f983ce506861d00d88a101b0d0a656e6473747265616d0d0a656e646f626a0d0a3334302030206f626a0d0a3c3c2f547970652f4d657461646174612f537562747970652f584d4c2f4c656e67746820333236363e3e0d0a73747265616d0d0a3c3f787061636b657420626567696e3d22efbbbf222069643d2257354d304d7043656869487a7265537a4e54637a6b633964223f3e3c783a786d706d65746120786d6c6e733a783d2261646f62653a6e733a6d6574612f2220783a786d70746b3d22332e312d373031223e0a3c7264663a52444620786d6c6e733a7264663d22687474703a2f2f7777772e77332e6f72672f313939392f30322f32322d7264662d73796e7461782d6e7323223e0a3c7264663a4465736372697074696f6e207264663a61626f75743d22222020786d6c6e733a7064663d22687474703a2f2f6e732e61646f62652e636f6d2f7064662f312e332f223e0a3c7064663a50726f64756365723e4d6963726f736f6674c2ae20566973696fc2ae204c5453433c2f7064663a50726f64756365723e3c7064663a4b6579776f7264733e3c2f7064663a4b6579776f7264733e3c2f7264663a4465736372697074696f6e3e0a3c7264663a4465736372697074696f6e207264663a61626f75743d22222020786d6c6e733a64633d22687474703a2f2f7075726c2e6f72672f64632f656c656d656e74732f312e312f223e0a3c64633a7469746c653e3c7264663a416c743e3c7264663a6c6920786d6c3a6c616e673d22782d64656661756c74223e3c2f7264663a6c693e3c2f7264663a416c743e3c2f64633a7469746c653e3c64633a63726561746f723e3c7264663a5365713e3c7264663a6c693e50414f4c412057414e20524f553c2f7264663a6c693e3c2f7264663a5365713e3c2f64633a63726561746f723e3c64633a6465736372697074696f6e3e3c7264663a416c743e3c7264663a6c6920786d6c3a6c616e673d22782d64656661756c74223e3c2f7264663a6c693e3c2f7264663a416c743e3c2f64633a6465736372697074696f6e3e3c2f7264663a4465736372697074696f6e3e0a3c7264663a4465736372697074696f6e207264663a61626f75743d22222020786d6c6e733a786d703d22687474703a2f2f6e732e61646f62652e636f6d2f7861702f312e302f223e0a3c786d703a43726561746f72546f6f6c3e4d6963726f736f6674c2ae20566973696fc2ae204c5453433c2f786d703a43726561746f72546f6f6c3e3c786d703a437265617465446174653e323032332d30372d33305432303a32383a35342b30383a30303c2f786d703a437265617465446174653e3c786d703a4d6f64696679446174653e323032332d30372d33305432303a32383a35342b30383a30303c2f786d703a4d6f64696679446174653e3c2f7264663a4465736372697074696f6e3e0a3c7264663a4465736372697074696f6e207264663a61626f75743d22222020786d6c6e733a786d704d4d3d22687474703a2f2f6e732e61646f62652e636f6d2f7861702f312e302f6d6d2f223e0a3c786d704d4d3a446f63756d656e7449443e757569643a41424445333331342d384530332d343235462d383632422d3732453543444137434338423c2f786d704d4d3a446f63756d656e7449443e3c786d704d4d3a496e7374616e636549443e757569643a41424445333331342d384530332d343235462d383632422d3732453543444137434338423c2f786d704d4d3a496e7374616e636549443e3c2f7264663a4465736372697074696f6e3e0a202020202020202020202020202020202020202020202020202020202020202020202020202020202020202020202020202020202020202020202020202020202020202020202020202020202020202020202020202020202020202020202020202020200a202020202020202020202020202020202020202020202020202020202020202020202020202020202020202020202020202020202020202020202020202020202020202020202020202020202020202020202020202020202020202020202020202020200a202020202020202020202020202020202020202020202020202020202020202020202020202020202020202020202020202020202020202020202020202020202020202020202020202020202020202020202020202020202020202020202020202020200a202020202020202020202020202020202020202020202020202020202020202020202020202020202020202020202020202020202020202020202020202020202020202020202020202020202020202020202020202020202020202020202020202020200a202020202020202020202020202020202020202020202020202020202020202020202020202020202020202020202020202020202020202020202020202020202020202020202020202020202020202020202020202020202020202020202020202020200a202020202020202020202020202020202020202020202020202020202020202020202020202020202020202020202020202020202020202020202020202020202020202020202020202020202020202020202020202020202020202020202020202020200a202020202020202020202020202020202020202020202020202020202020202020202020202020202020202020202020202020202020202020202020202020202020202020202020202020202020202020202020202020202020202020202020202020200a202020202020202020202020202020202020202020202020202020202020202020202020202020202020202020202020202020202020202020202020202020202020202020202020202020202020202020202020202020202020202020202020202020200a202020202020202020202020202020202020202020202020202020202020202020202020202020202020202020202020202020202020202020202020202020202020202020202020202020202020202020202020202020202020202020202020202020200a202020202020202020202020202020202020202020202020202020202020202020202020202020202020202020202020202020202020202020202020202020202020202020202020202020202020202020202020202020202020202020202020202020200a202020202020202020202020202020202020202020202020202020202020202020202020202020202020202020202020202020202020202020202020202020202020202020202020202020202020202020202020202020202020202020202020202020200a202020202020202020202020202020202020202020202020202020202020202020202020202020202020202020202020202020202020202020202020202020202020202020202020202020202020202020202020202020202020202020202020202020200a202020202020202020202020202020202020202020202020202020202020202020202020202020202020202020202020202020202020202020202020202020202020202020202020202020202020202020202020202020202020202020202020202020200a202020202020202020202020202020202020202020202020202020202020202020202020202020202020202020202020202020202020202020202020202020202020202020202020202020202020202020202020202020202020202020202020202020200a202020202020202020202020202020202020202020202020202020202020202020202020202020202020202020202020202020202020202020202020202020202020202020202020202020202020202020202020202020202020202020202020202020200a202020202020202020202020202020202020202020202020202020202020202020202020202020202020202020202020202020202020202020202020202020202020202020202020202020202020202020202020202020202020202020202020202020200a202020202020202020202020202020202020202020202020202020202020202020202020202020202020202020202020202020202020202020202020202020202020202020202020202020202020202020202020202020202020202020202020202020200a202020202020202020202020202020202020202020202020202020202020202020202020202020202020202020202020202020202020202020202020202020202020202020202020202020202020202020202020202020202020202020202020202020200a202020202020202020202020202020202020202020202020202020202020202020202020202020202020202020202020202020202020202020202020202020202020202020202020202020202020202020202020202020202020202020202020202020200a202020202020202020202020202020202020202020202020202020202020202020202020202020202020202020202020202020202020202020202020202020202020202020202020202020202020202020202020202020202020202020202020202020200a3c2f7264663a5244463e3c2f783a786d706d6574613e3c3f787061636b657420656e643d2277223f3e0d0a656e6473747265616d0d0a656e646f626a0d0a3334312030206f626a0d0a3c3c2f446973706c6179446f635469746c6520747275653e3e0d0a656e646f626a0d0a3334322030206f626a0d0a3c3c2f547970652f585265662f53697a65203334322f575b2031203420325d202f526f6f742031203020522f496e666f2039203020522f49445b3c31343333444541423033384535463432383632423732453543444137434338423e3c31343333444541423033384535463432383632423732453543444137434338423e5d202f46696c7465722f466c6174654465636f64652f4c656e677468203638313e3e0d0a73747265616d0d0a789c35d677bc50631cc7f1f30dd9232249a265efad1b251a6486ca962d921da5ac6c519451c9a68c8652f69632b32a1132ba4622a3816eb7f3bece1fcffb75ceeb39cf3fbf3f3e4f51543f5555a95eeb14c57226605e491697341e8669254d6a637449d31125cd46a2b2a479b7a2a8557d4addec8356688d7db177c9ff3bdb2cff6f6ccd5bb102825aa88d15b11256c5ca58056b6035ac8eb5b126d6c2ba580775b03ed6435d6c880d500f0d501f1b61136c8c86688246d8149ba131b640533443736c8eadb125b6c20ed806db623b6c8f5db12376c2ced8057b6037ec8e96d8137ba1052a609a45cd340dbc30f0c2c08bfdd106fba13ddaa21d0e42071c8003d11187e3601c824371188e44271c812e380a9d711cbae2681c8363d10dc7e3049c8893703a4ec6293815a7e16c9c81337116bae33c9c831e38173d7121cec705b81417e1625c825ee88bcbd01b7d7039ae463f5c812b7115aec335e88f6b7123aec70db80537e166dc8601b815b76320066108eec060dc833b7117eec6bd188a61188efb3102f7e1213c8007f1281ec6231885c730124fe1713c81273116a33106e3310e4f632226e0193c8f497816cfe125bc8017f11a5ec62b78156fe275bc81b7f11626e31d4cc154bc8f77f11ea6e1037c884ff0113ec6747c8acff039666026bec42c7c81af311b5fe15b7c8339f801dfe17bfc88b9a8c42ff8093f633ee6e157fc81dff03b16e06ffc89bfb0180bb108ff6109fec1bf25a929de5254f9a87fd1bfe85f342efa17fd8b284606a37f51bce85f142fa218198cfe45f1a27f51bc88626430fa17fd8bfe45ffa27fd1bfe85fc42dfa17fd8b2846ff226ed1bfe85f2432fa17358cfe45ffa278d1bf485d4431fa17c58bfe45f1229191bae85ff42f5217898cfe45ea228ad1bfa861f42f15d537961683cb0b4fc5f09259334b2ae717c5328756b51c0d0a656e6473747265616d0d0a656e646f626a0d0a787265660d0a30203334330d0a3030303030303030313320363535333520660d0a30303030303030303137203030303030206e0d0a30303030303030313831203030303030206e0d0a30303030303030323337203030303030206e0d0a30303030303030353035203030303030206e0d0a30303030303038383630203030303030206e0d0a30303030303038393133203030303030206e0d0a30303030303038393636203030303030206e0d0a30303030303039313335203030303030206e0d0a30303030303039333735203030303030206e0d0a30303030303039363431203030303030206e0d0a30303030303039373034203030303030206e0d0a30303030303039383236203030303030206e0d0a3030303030303030313420363535333520660d0a3030303030303030313520363535333520660d0a3030303030303030313620363535333520660d0a3030303030303030313720363535333520660d0a3030303030303030313820363535333520660d0a3030303030303030313920363535333520660d0a3030303030303030323020363535333520660d0a3030303030303030323120363535333520660d0a3030303030303030323220363535333520660d0a3030303030303030323320363535333520660d0a3030303030303030323420363535333520660d0a3030303030303030323520363535333520660d0a3030303030303030323620363535333520660d0a3030303030303030323720363535333520660d0a3030303030303030323820363535333520660d0a3030303030303030323920363535333520660d0a3030303030303030333020363535333520660d0a3030303030303030333120363535333520660d0a3030303030303030333220363535333520660d0a3030303030303030333320363535333520660d0a3030303030303030333420363535333520660d0a3030303030303030333520363535333520660d0a3030303030303030333620363535333520660d0a3030303030303030333720363535333520660d0a3030303030303030333820363535333520660d0a3030303030303030333920363535333520660d0a3030303030303030343020363535333520660d0a3030303030303030343120363535333520660d0a3030303030303030343220363535333520660d0a3030303030303030343320363535333520660d0a3030303030303030343420363535333520660d0a3030303030303030343520363535333520660d0a3030303030303030343620363535333520660d0a3030303030303030343720363535333520660d0a3030303030303030343820363535333520660d0a3030303030303030343920363535333520660d0a3030303030303030353020363535333520660d0a3030303030303030353120363535333520660d0a3030303030303030353220363535333520660d0a3030303030303030353320363535333520660d0a3030303030303030353420363535333520660d0a3030303030303030353520363535333520660d0a3030303030303030353620363535333520660d0a3030303030303030353720363535333520660d0a3030303030303030353820363535333520660d0a3030303030303030353920363535333520660d0a3030303030303030363020363535333520660d0a3030303030303030363120363535333520660d0a3030303030303030363220363535333520660d0a3030303030303030363320363535333520660d0a3030303030303030363420363535333520660d0a3030303030303030363520363535333520660d0a3030303030303030363620363535333520660d0a3030303030303030363720363535333520660d0a3030303030303030363820363535333520660d0a3030303030303030363920363535333520660d0a3030303030303030373020363535333520660d0a3030303030303030373120363535333520660d0a3030303030303030373220363535333520660d0a3030303030303030373320363535333520660d0a3030303030303030373420363535333520660d0a3030303030303030373520363535333520660d0a3030303030303030373620363535333520660d0a3030303030303030373720363535333520660d0a3030303030303030373820363535333520660d0a3030303030303030373920363535333520660d0a3030303030303030383020363535333520660d0a3030303030303030383120363535333520660d0a3030303030303030383220363535333520660d0a3030303030303030383320363535333520660d0a3030303030303030383420363535333520660d0a3030303030303030383520363535333520660d0a3030303030303030383620363535333520660d0a3030303030303030383720363535333520660d0a3030303030303030383820363535333520660d0a3030303030303030383920363535333520660d0a3030303030303030393020363535333520660d0a3030303030303030393120363535333520660d0a3030303030303030393220363535333520660d0a3030303030303030393320363535333520660d0a3030303030303030393420363535333520660d0a3030303030303030393520363535333520660d0a3030303030303030393620363535333520660d0a3030303030303030393720363535333520660d0a3030303030303030393820363535333520660d0a3030303030303030393920363535333520660d0a3030303030303031303020363535333520660d0a3030303030303031303120363535333520660d0a3030303030303031303220363535333520660d0a3030303030303031303320363535333520660d0a3030303030303031303420363535333520660d0a3030303030303031303520363535333520660d0a3030303030303031303620363535333520660d0a3030303030303031303720363535333520660d0a3030303030303031303820363535333520660d0a3030303030303031303920363535333520660d0a3030303030303031313020363535333520660d0a3030303030303031313120363535333520660d0a3030303030303031313220363535333520660d0a3030303030303031313320363535333520660d0a3030303030303031313420363535333520660d0a3030303030303031313520363535333520660d0a3030303030303031313620363535333520660d0a3030303030303031313720363535333520660d0a3030303030303031313820363535333520660d0a3030303030303031313920363535333520660d0a3030303030303031323020363535333520660d0a3030303030303031323120363535333520660d0a3030303030303031323220363535333520660d0a3030303030303031323320363535333520660d0a3030303030303031323420363535333520660d0a3030303030303031323520363535333520660d0a3030303030303031323620363535333520660d0a3030303030303031323720363535333520660d0a3030303030303031323820363535333520660d0a3030303030303031323920363535333520660d0a3030303030303031333020363535333520660d0a3030303030303031333120363535333520660d0a3030303030303031333220363535333520660d0a3030303030303031333320363535333520660d0a3030303030303031333420363535333520660d0a3030303030303031333520363535333520660d0a3030303030303031333620363535333520660d0a3030303030303031333720363535333520660d0a3030303030303031333820363535333520660d0a3030303030303031333920363535333520660d0a3030303030303031343020363535333520660d0a3030303030303031343120363535333520660d0a3030303030303031343220363535333520660d0a3030303030303031343320363535333520660d0a3030303030303031343420363535333520660d0a3030303030303031343520363535333520660d0a3030303030303031343620363535333520660d0a3030303030303031343720363535333520660d0a3030303030303031343820363535333520660d0a3030303030303031343920363535333520660d0a3030303030303031353020363535333520660d0a3030303030303031353120363535333520660d0a3030303030303031353220363535333520660d0a3030303030303031353320363535333520660d0a3030303030303031353420363535333520660d0a3030303030303031353520363535333520660d0a3030303030303031353620363535333520660d0a3030303030303031353720363535333520660d0a3030303030303031353820363535333520660d0a3030303030303031353920363535333520660d0a3030303030303031363020363535333520660d0a3030303030303031363120363535333520660d0a3030303030303031363220363535333520660d0a3030303030303031363320363535333520660d0a3030303030303031363420363535333520660d0a3030303030303031363520363535333520660d0a3030303030303031363620363535333520660d0a3030303030303031363720363535333520660d0a3030303030303031363820363535333520660d0a3030303030303031363920363535333520660d0a3030303030303031373020363535333520660d0a3030303030303031373120363535333520660d0a3030303030303031373220363535333520660d0a3030303030303031373320363535333520660d0a3030303030303031373420363535333520660d0a3030303030303031373520363535333520660d0a3030303030303031373620363535333520660d0a3030303030303031373720363535333520660d0a3030303030303031373820363535333520660d0a3030303030303031373920363535333520660d0a3030303030303031383020363535333520660d0a3030303030303031383120363535333520660d0a3030303030303031383220363535333520660d0a3030303030303031383320363535333520660d0a3030303030303031383420363535333520660d0a3030303030303031383520363535333520660d0a3030303030303031383620363535333520660d0a3030303030303031383720363535333520660d0a3030303030303031383820363535333520660d0a3030303030303031383920363535333520660d0a3030303030303031393020363535333520660d0a3030303030303031393120363535333520660d0a3030303030303031393220363535333520660d0a3030303030303031393320363535333520660d0a3030303030303031393420363535333520660d0a3030303030303031393520363535333520660d0a3030303030303031393620363535333520660d0a3030303030303031393720363535333520660d0a3030303030303031393820363535333520660d0a3030303030303031393920363535333520660d0a3030303030303032303020363535333520660d0a3030303030303032303120363535333520660d0a3030303030303032303220363535333520660d0a3030303030303032303320363535333520660d0a3030303030303032303420363535333520660d0a3030303030303032303520363535333520660d0a3030303030303032303620363535333520660d0a3030303030303032303720363535333520660d0a3030303030303032303820363535333520660d0a3030303030303032303920363535333520660d0a3030303030303032313020363535333520660d0a3030303030303032313120363535333520660d0a3030303030303032313220363535333520660d0a3030303030303032313320363535333520660d0a3030303030303032313420363535333520660d0a3030303030303032313520363535333520660d0a3030303030303032313620363535333520660d0a3030303030303032313720363535333520660d0a3030303030303032313820363535333520660d0a3030303030303032313920363535333520660d0a3030303030303032323020363535333520660d0a3030303030303032323120363535333520660d0a3030303030303032323220363535333520660d0a3030303030303032323320363535333520660d0a3030303030303032323420363535333520660d0a3030303030303032323520363535333520660d0a3030303030303032323620363535333520660d0a3030303030303032323720363535333520660d0a3030303030303032323820363535333520660d0a3030303030303032323920363535333520660d0a3030303030303032333020363535333520660d0a3030303030303032333120363535333520660d0a3030303030303032333220363535333520660d0a3030303030303032333320363535333520660d0a3030303030303032333420363535333520660d0a3030303030303032333520363535333520660d0a3030303030303032333620363535333520660d0a3030303030303032333720363535333520660d0a3030303030303032333820363535333520660d0a3030303030303032333920363535333520660d0a3030303030303032343020363535333520660d0a3030303030303032343120363535333520660d0a3030303030303032343220363535333520660d0a3030303030303032343320363535333520660d0a3030303030303032343420363535333520660d0a3030303030303032343520363535333520660d0a3030303030303032343620363535333520660d0a3030303030303032343720363535333520660d0a3030303030303032343820363535333520660d0a3030303030303032343920363535333520660d0a3030303030303032353020363535333520660d0a3030303030303032353120363535333520660d0a3030303030303032353220363535333520660d0a3030303030303032353320363535333520660d0a3030303030303032353420363535333520660d0a3030303030303032353520363535333520660d0a3030303030303032353620363535333520660d0a3030303030303032353720363535333520660d0a3030303030303032353820363535333520660d0a3030303030303032353920363535333520660d0a3030303030303032363020363535333520660d0a3030303030303032363120363535333520660d0a3030303030303032363220363535333520660d0a3030303030303032363320363535333520660d0a3030303030303032363420363535333520660d0a3030303030303032363520363535333520660d0a3030303030303032363620363535333520660d0a3030303030303032363720363535333520660d0a3030303030303032363820363535333520660d0a3030303030303032363920363535333520660d0a3030303030303032373020363535333520660d0a3030303030303032373120363535333520660d0a3030303030303032373220363535333520660d0a3030303030303032373320363535333520660d0a3030303030303032373420363535333520660d0a3030303030303032373520363535333520660d0a3030303030303032373620363535333520660d0a3030303030303032373720363535333520660d0a3030303030303032373820363535333520660d0a3030303030303032373920363535333520660d0a3030303030303032383020363535333520660d0a3030303030303032383120363535333520660d0a3030303030303032383220363535333520660d0a3030303030303032383320363535333520660d0a3030303030303032383420363535333520660d0a3030303030303032383520363535333520660d0a3030303030303032383620363535333520660d0a3030303030303032383720363535333520660d0a3030303030303032383820363535333520660d0a3030303030303032383920363535333520660d0a3030303030303032393020363535333520660d0a3030303030303032393120363535333520660d0a3030303030303032393220363535333520660d0a3030303030303032393320363535333520660d0a3030303030303032393420363535333520660d0a3030303030303032393520363535333520660d0a3030303030303032393620363535333520660d0a3030303030303032393720363535333520660d0a3030303030303032393820363535333520660d0a3030303030303032393920363535333520660d0a3030303030303033303020363535333520660d0a3030303030303033303120363535333520660d0a3030303030303033303220363535333520660d0a3030303030303033303320363535333520660d0a3030303030303033303420363535333520660d0a3030303030303033303520363535333520660d0a3030303030303033303620363535333520660d0a3030303030303033303720363535333520660d0a3030303030303033303820363535333520660d0a3030303030303033303920363535333520660d0a3030303030303033313020363535333520660d0a3030303030303033313120363535333520660d0a3030303030303033313220363535333520660d0a3030303030303033313320363535333520660d0a3030303030303033313420363535333520660d0a3030303030303033313520363535333520660d0a3030303030303033313620363535333520660d0a3030303030303033313720363535333520660d0a3030303030303033313820363535333520660d0a3030303030303033313920363535333520660d0a3030303030303033323020363535333520660d0a3030303030303033323120363535333520660d0a3030303030303033323220363535333520660d0a3030303030303033323320363535333520660d0a3030303030303033323420363535333520660d0a3030303030303033323520363535333520660d0a3030303030303033323620363535333520660d0a3030303030303033323720363535333520660d0a3030303030303033323820363535333520660d0a3030303030303033323920363535333520660d0a3030303030303033333020363535333520660d0a3030303030303033333120363535333520660d0a3030303030303033333220363535333520660d0a3030303030303033333320363535333520660d0a3030303030303033333420363535333520660d0a3030303030303033333520363535333520660d0a3030303030303033333620363535333520660d0a3030303030303033333720363535333520660d0a3030303030303030303020363535333520660d0a30303030303135323533203030303030206e0d0a30303030303135353137203030303030206e0d0a30303030303536323831203030303030206e0d0a30303030303539363331203030303030206e0d0a30303030303539363737203030303030206e0d0a747261696c65720d0a3c3c2f53697a65203334332f526f6f742031203020522f496e666f2039203020522f49445b3c31343333444541423033384535463432383632423732453543444137434338423e3c31343333444541423033384535463432383632423732453543444137434338423e5d203e3e0d0a7374617274787265660d0a36303536300d0a2525454f460d0a787265660d0a3020300d0a747261696c65720d0a3c3c2f53697a65203334332f526f6f742031203020522f496e666f2039203020522f49445b3c31343333444541423033384535463432383632423732453543444137434338423e3c31343333444541423033384535463432383632423732453543444137434338423e5d202f507265762036303536302f5852656653746d2035393637373e3e0d0a7374617274787265660d0a36373537380d0a2525454f46, 29);

-- --------------------------------------------------------

--
-- Table structure for table `student`
--

DROP TABLE IF EXISTS `student`;
CREATE TABLE IF NOT EXISTS `student` (
  `StuID` varchar(8) NOT NULL,
  `StuName` varchar(30) NOT NULL,
  `StuPw` varchar(8) NOT NULL,
  `StuEmail` varchar(30) NOT NULL,
  `StuDob` date NOT NULL,
  `StuGender` char(1) NOT NULL,
  `StuUni` varchar(255) NOT NULL,
  PRIMARY KEY (`StuID`)
) ENGINE=MyISAM DEFAULT CHARSET=utf8mb4 COLLATE=utf8mb4_0900_ai_ci;

--
-- Dumping data for table `student`
--

INSERT INTO `student` (`StuID`, `StuName`, `StuPw`, `StuEmail`, `StuDob`, `StuGender`, `StuUni`) VALUES
('TP310943', 'wan', '123456', 'paolawan@gmail.com', '2000-06-01', 'F', 'APU'),
('TP105180', 'Wan Rou', '123456', 'wr@mail', '2003-06-05', 'M', 'APU');

-- --------------------------------------------------------

--
-- Table structure for table `topic`
--

DROP TABLE IF EXISTS `topic`;
CREATE TABLE IF NOT EXISTS `topic` (
  `TopicID` int NOT NULL AUTO_INCREMENT,
  `TopicName` varchar(150) NOT NULL,
  `AnsTimeLimit` int NOT NULL,
  `TopicDeleteStatus` char(1) NOT NULL DEFAULT 'N',
  PRIMARY KEY (`TopicID`)
) ENGINE=MyISAM AUTO_INCREMENT=30 DEFAULT CHARSET=utf8mb4 COLLATE=utf8mb4_0900_ai_ci;

--
-- Dumping data for table `topic`
--

INSERT INTO `topic` (`TopicID`, `TopicName`, `AnsTimeLimit`, `TopicDeleteStatus`) VALUES
(29, 'Layer 2', 160, 'N'),
(28, 'Introduction to Networking', 1, 'N');
COMMIT;

/*!40101 SET CHARACTER_SET_CLIENT=@OLD_CHARACTER_SET_CLIENT */;
/*!40101 SET CHARACTER_SET_RESULTS=@OLD_CHARACTER_SET_RESULTS */;
/*!40101 SET COLLATION_CONNECTION=@OLD_COLLATION_CONNECTION */;
